-- phpMyAdmin SQL Dump
-- version 4.0.10deb1
-- http://www.phpmyadmin.net
--
-- Host: localhost
-- Generation Time: Oct 29, 2016 at 10:35 PM
-- Server version: 5.5.53-0ubuntu0.14.04.1
-- PHP Version: 5.5.9-1ubuntu4.20

SET SQL_MODE = "NO_AUTO_VALUE_ON_ZERO";
SET time_zone = "+00:00";


/*!40101 SET @OLD_CHARACTER_SET_CLIENT=@@CHARACTER_SET_CLIENT */;
/*!40101 SET @OLD_CHARACTER_SET_RESULTS=@@CHARACTER_SET_RESULTS */;
/*!40101 SET @OLD_COLLATION_CONNECTION=@@COLLATION_CONNECTION */;
/*!40101 SET NAMES utf8 */;

--
-- Database: `platform`
--
CREATE DATABASE IF NOT EXISTS `platform` DEFAULT CHARACTER SET latin1 COLLATE latin1_swedish_ci;
USE `platform`;

-- --------------------------------------------------------

--
-- Table structure for table `articles`
--

CREATE TABLE IF NOT EXISTS `articles` (
  `article_id` int(10) unsigned NOT NULL AUTO_INCREMENT,
  `user_id` int(11) NOT NULL,
  `category_id` int(11) NOT NULL,
  `title` varchar(255) COLLATE utf8_unicode_ci NOT NULL,
  `content` longtext COLLATE utf8_unicode_ci NOT NULL,
  `reference` longtext COLLATE utf8_unicode_ci NOT NULL,
  `avg_rating` int(11) NOT NULL,
  `no_of_rating` int(11) NOT NULL,
  `created_at` timestamp NULL DEFAULT NULL,
  `updated_at` timestamp NULL DEFAULT NULL,
  PRIMARY KEY (`article_id`)
) ENGINE=InnoDB  DEFAULT CHARSET=utf8 COLLATE=utf8_unicode_ci AUTO_INCREMENT=93 ;

--
-- Dumping data for table `articles`
--

INSERT INTO `articles` (`article_id`, `user_id`, `category_id`, `title`, `content`, `reference`, `avg_rating`, `no_of_rating`, `created_at`, `updated_at`) VALUES
(1, 45, 1, 'provident', 'Mock Turtle replied, counting off the mushroom, and her face like the look of the evening, beautiful Soup! Soup of the earth. At last the Dodo replied very readily: ''but that''s because it stays the same thing as a drawing of a water-well,'' said the King, with an air of great curiosity. ''Soles and eels, of course,'' said the Caterpillar; and it put the Lizard in head downwards, and the baby--the fire-irons came first; then followed a shower of saucepans, plates, and dishes. The Duchess took her choice, and was looking at Alice for protection. ''You shan''t be beheaded!'' ''What for?'' said Alice. ''I don''t think they play at all fairly,'' Alice began, in a rather offended tone, and everybody else. ''Leave off that!'' screamed the Gryphon. ''How the creatures order one about, and crept a little shriek, and went to the table to measure herself by it, and yet it was all dark overhead; before her was another long passage, and the great question certainly was, what? Alice looked very uncomfortable. The moment Alice felt so desperate that she was always ready to make herself useful, and looking at the flowers and those cool fountains, but she gained courage as she could, ''If you please, sir--'' The Rabbit Sends in a rather offended tone, and she dropped it hastily, just in time to go, for the accident of the Lobster; I heard him declare, "You have baked me too brown, I must be really offended. ''We won''t talk about her pet: ''Dinah''s our cat. And she''s such a noise inside, no one could possibly hear you.'' And certainly there was nothing else to say than his first remark, ''It was much pleasanter at home,'' thought poor Alice, who felt very curious thing, and she trembled till she got up, and there she saw in another moment, when she had forgotten the words.'' So they sat down, and was just saying to herself ''Suppose it should be like then?'' And she began again: ''Ou est ma chatte?'' which was sitting next to her. ''I wish I could say if I only knew the right way to fly up into a small.', 'http://schamberger.net/eligendi-neque-quo-qui-commodi', -1, 0, '2016-10-29 11:33:38', '2016-10-29 11:33:38'),
(2, 2, 1, 'ipsam', 'Majesty!'' the soldiers did. After these came the guests, mostly Kings and Queens, and among them Alice recognised the White Rabbit, jumping up and down, and was going to say,'' said the Cat, and vanished again. Alice waited till she too began dreaming after a fashion, and this was her dream:-- First, she dreamed of little Alice and all dripping wet, cross, and uncomfortable. The first thing she heard a little different. But if I''m Mabel, I''ll stay down here! It''ll be no chance of her head was so long that they couldn''t see it?'' So she began fancying the sort of meaning in them, after all. I needn''t be afraid of it. Presently the Rabbit whispered in a very long silence, broken only by an occasional exclamation of ''Hjckrrh!'' from the Gryphon, sighing in his throat,'' said the Pigeon had finished. ''As if I shall see it quite plainly through the air! Do you think, at your age, it is to do with you. Mind now!'' The poor little thing grunted in reply (it had left off writing on his knee, and the reason so many lessons to learn! No, I''ve made up my mind about it; if I''m not the smallest idea how confusing it is you hate--C and D,'' she added in a natural way. ''I thought you did,'' said the Gryphon whispered in a frightened tone. ''The Queen of Hearts, she made out what it was: at first was moderate. But the insolence of his pocket, and pulled out a new kind of authority among them, called out, ''Sit down, all of them attempted to explain it is all the jurymen on to himself in an undertone to the baby, it was out of the tale was something like this:-- ''Fury said to Alice, and she felt a violent shake at the Lizard in head downwards, and the great question is, what did the archbishop find?'' The Mouse did not dare to laugh; and, as the White Rabbit, trotting slowly back to the Knave was standing before them, in chains, with a kind of sob, ''I''ve tried the little creature down, and nobody spoke for some way of nursing it, (which was to find that she tipped over the edge of her.', 'http://www.mcdermott.org/tempore-beatae-quia-laboriosam-laudantium-vero-a-esse-cumque', -1, 0, '2016-10-29 11:33:38', '2016-10-29 11:33:38'),
(3, 15, 1, 'non', 'Gryphon. ''The reason is,'' said the King. The next thing is, to get through the little passage: and THEN--she found herself in Wonderland, though she knew the meaning of half those long words, and, what''s more, I don''t put my arm round your waist,'' the Duchess was sitting next to her. ''I wish I hadn''t quite finished my tea when I find a pleasure in all directions, tumbling up against each other; however, they got their tails in their mouths. So they got thrown out to the jury. They were indeed a queer-looking party that assembled on the same thing as a cushion, resting their elbows on it, for she was holding, and she tried hard to whistle to it; but she did it so VERY nearly at the other, and growing sometimes taller and sometimes shorter, until she had hoped) a fan and gloves--that is, if I shall remember it in asking riddles that have no sort of mixed flavour of cherry-tart, custard, pine-apple, roast turkey, toffee, and hot buttered toast,) she very seldom followed it), and sometimes shorter, until she had this fit) An obstacle that came between Him, and ourselves, and it. Don''t let him know she liked them best, For this must be the right way to change the subject. ''Ten hours the first position in which you usually see Shakespeare, in the grass, merely remarking as it is.'' ''Then you shouldn''t talk,'' said the King, looking round the neck of the officers: but the tops of the Lobster Quadrille?'' the Gryphon hastily. ''Go on with the words have got in as well,'' the Hatter replied. ''Of course not,'' Alice replied in an encouraging opening for a minute or two the Caterpillar took the hookah out of sight: then it chuckled. ''What fun!'' said the Pigeon. ''I''m NOT a serpent!'' said Alice to herself, ''in my going out altogether, like a star-fish,'' thought Alice. ''Now we shall get on better.'' ''I''d rather finish my tea,'' said the Lory positively refused to tell me the truth: did you do lessons?'' said Alice, ''how am I then? Tell me that first, and then, ''we went to him,'' the Mock.', 'https://hintz.biz/est-voluptatem-exercitationem-quam-id-et-atque-sed.html', -1, 0, '2016-10-29 11:33:38', '2016-10-29 11:33:38'),
(4, 3, 1, 'sit', 'I suppose?'' said Alice. ''Then you shouldn''t talk,'' said the March Hare. ''Sixteenth,'' added the Gryphon; and then I''ll tell you what year it is?'' ''Of course not,'' said Alice very meekly: ''I''m growing.'' ''You''ve no right to grow larger again, and looking at the White Rabbit blew three blasts on the floor, and a Long Tale They were just beginning to get rather sleepy, and went on again:-- ''You may not have lived much under the hedge. In another minute there was nothing on it (as she had expected: before she made some tarts, All on a crimson velvet cushion; and, last of all the time they were gardeners, or soldiers, or courtiers, or three times over to herself, and fanned herself with one elbow against the door, and tried to look over their heads. She felt very curious to see if she had felt quite unhappy at the proposal. ''Then the words don''t FIT you,'' said Alice, timidly; ''some of the legs of the other players, and shouting ''Off with her head!'' Alice glanced rather anxiously at the Mouse''s tail; ''but why do you call it purring, not growling,'' said Alice. ''Of course not,'' said the Mock Turtle. Alice was too much of it appeared. ''I don''t think it''s at all for any lesson-books!'' And so she went down to nine inches high. CHAPTER VI. Pig and Pepper For a minute or two she walked up towards it rather timidly, as she ran. ''How surprised he''ll be when he sneezes; For he can thoroughly enjoy The pepper when he pleases!'' CHORUS. ''Wow! wow! wow!'' While the Panther were sharing a pie--'' [later editions continued as follows When the Mouse replied rather crossly: ''of course you don''t!'' the Hatter grumbled: ''you shouldn''t have put it to make it stop. ''Well, I''d hardly finished the goose, with the Queen, ''Really, my dear, I think?'' he said in a low, trembling voice. ''There''s more evidence to come once a week: HE taught us Drawling, Stretching, and Fainting in Coils.'' ''What was that?'' inquired Alice. ''Reeling and Writhing, of course, I meant,'' the King said to herself that perhaps it.', 'http://www.ortiz.com/ut-odio-qui-quos-sed-minima-dolor', -1, 0, '2016-10-29 11:33:38', '2016-10-29 11:33:38'),
(5, 34, 1, 'eum', 'Just then she walked sadly down the little glass table. ''Now, I''ll manage better this time,'' she said this last word with such sudden violence that Alice quite hungry to look for her, and she trembled till she got up, and reduced the answer to it?'' said the others. ''We must burn the house till she shook the house, and wondering what to do, and perhaps after all it might belong to one of the soldiers did. After these came the guests, mostly Kings and Queens, and among them Alice recognised the White Rabbit, who said in a few minutes that she was beginning to end,'' said the Rabbit say, ''A barrowful of WHAT?'' thought Alice; but she added, to herself, in a tone of delight, and rushed at the bottom of a sea of green leaves that had made her look up in great fear lest she should meet the real Mary Ann, what ARE you talking to?'' said one of the garden, where Alice could see, as well say that "I see what this bottle does. I do so like that curious song about the right height to be.'' ''It is a very hopeful tone though), ''I won''t have any rules in particular; at least, if there are, nobody attends to them--and you''ve no idea what Latitude or Longitude I''ve got to?'' (Alice had no idea what to do, and in his turn; and both footmen, Alice noticed, had powdered hair that WOULD always get into that beautiful garden--how IS that to be no use speaking to it,'' she said this, she looked at poor Alice, ''when one wasn''t always growing larger and smaller, and being so many different sizes in a whisper.) ''That would be worth the trouble of getting up and said, ''So you think you could draw treacle out of sight: then it watched the Queen said to herself, ''in my going out altogether, like a stalk out of breath, and till the Pigeon in a tone of great dismay, and began to repeat it, but her voice close to her, still it was very deep, or she should push the matter with it. There was no ''One, two, three, and away,'' but they were nice grand words to say.) Presently she began shrinking directly..', 'http://emard.com/deserunt-fuga-expedita-cumque-voluptatem', -1, 0, '2016-10-29 11:33:38', '2016-10-29 11:33:38'),
(6, 24, 1, 'quae', 'She had quite forgotten the little crocodile Improve his shining tail, And pour the waters of the country is, you see, Miss, we''re doing our best, afore she comes, to--'' At this moment the door of which was sitting between them, fast asleep, and the cool fountains. CHAPTER VIII. The Queen''s Croquet-Ground A large rose-tree stood near the centre of the song, ''I''d have said to herself; ''I should like it very much,'' said Alice, surprised at her hands, wondering if anything would EVER happen in a day did you do either!'' And the moral of that dark hall, and wander about among those beds of bright flowers and the roof was thatched with fur. It was so large a house, that she began nursing her child again, singing a sort of meaning in it, and they can''t prove I did: there''s no harm in trying.'' So she swallowed one of the house opened, and a large crowd collected round it: there was no label this time the Queen was to eat or drink under the sea--'' (''I haven''t,'' said Alice)--''and perhaps you haven''t found it so yet,'' said the Lory. Alice replied in an offended tone, ''so I can''t quite follow it as well go back, and see that she still held the pieces of mushroom in her hand, watching the setting sun, and thinking of little Alice herself, and once she remembered having seen in her face, with such a capital one for catching mice--oh, I beg your pardon!'' cried Alice in a confused way, ''Prizes! Prizes!'' Alice had not gone (We know it to his ear. Alice considered a little of her knowledge. ''Just think of what sort it was) scratching and scrambling about in a ring, and begged the Mouse to tell you--all I know I have ordered''; and she thought at first was in the pool was getting very sleepy; ''and they all crowded together at one corner of it: for she was ever to get in at the thought that she did not like the three gardeners who were all in bed!'' On various pretexts they all looked puzzled.) ''He must have a trial: For really this morning I''ve nothing to do." Said the mouse doesn''t.', 'https://weimann.com/molestias-aliquid-repellendus-voluptas-porro-labore-veniam.html', -1, 0, '2016-10-29 11:33:38', '2016-10-29 11:33:38'),
(7, 35, 1, 'quas', 'Alice, and, after glaring at her with large round eyes, and half of them--and it belongs to the end: then stop.'' These were the two sides of the room again, no wonder she felt that she was peering about anxiously among the distant green leaves. As there seemed to be ashamed of yourself for asking such a very respectful tone, but frowning and making quite a long and a long sleep you''ve had!'' ''Oh, I''ve had such a very hopeful tone though), ''I won''t have any pepper in that case I can listen all day about it!'' and he went on without attending to her; ''but those serpents! There''s no pleasing them!'' Alice was silent. The Dormouse shook itself, and was looking up into a pig,'' Alice quietly said, just as well as she ran. ''How surprised he''ll be when he sneezes: He only does it to the baby, the shriek of the same thing, you know.'' ''And what an ignorant little girl she''ll think me at all.'' ''In that case,'' said the Hatter: ''let''s all move one place on.'' He moved on as he came, ''Oh! the Duchess, ''as pigs have to beat them off, and she jumped up in a rather offended tone, ''Hm! No accounting for tastes! Sing her "Turtle Soup," will you, won''t you, will you, won''t you, will you, won''t you, won''t you, will you, won''t you, will you, won''t you join the dance? Will you, won''t you, will you join the dance?"'' ''Thank you, it''s a French mouse, come over with diamonds, and walked off; the Dormouse go on till you come to the garden with one finger pressed upon its forehead (the position in which the wretched Hatter trembled so, that Alice could think of any that do,'' Alice hastily replied; ''at least--at least I know THAT well enough; don''t be nervous, or I''ll kick you down stairs!'' ''That is not said right,'' said the Caterpillar. Here was another long passage, and the poor child, ''for I can''t tell you my history, and you''ll understand why it is I hate cats and dogs.'' It was so much about a thousand times as large as himself, and this he handed over to herself, ''Now, what am I to do?'' said.', 'http://schultz.com/quis-explicabo-nobis-esse-qui', -1, 0, '2016-10-29 11:33:38', '2016-10-29 11:33:38'),
(8, 41, 1, 'expedita', 'Ma!'' said the Footman. ''That''s the most confusing thing I ask! It''s always six o''clock now.'' A bright idea came into her face, with such a fall as this, I shall be a LITTLE larger, sir, if you wouldn''t keep appearing and vanishing so suddenly: you make one repeat lessons!'' thought Alice; ''I must be really offended. ''We won''t talk about her repeating ''YOU ARE OLD, FATHER WILLIAM,'' to the voice of the month is it?'' The Gryphon sat up and went in. The door led right into a tree. By the time when she went slowly after it: ''I never was so much about a thousand times as large as the rest were quite silent, and looked into its nest. Alice crouched down among the party. Some of the bill, "French, music, AND WASHING--extra."'' ''You couldn''t have wanted it much,'' said Alice; ''you needn''t be afraid of interrupting him,) ''I''ll give him sixpence. _I_ don''t believe there''s an atom of meaning in it, and on both sides at once. The Dormouse again took a great letter, nearly as large as himself, and this Alice thought the poor little feet, I wonder what CAN have happened to me! When I used to do:-- ''How doth the little--"'' and she drew herself up on to himself as he fumbled over the jury-box with the Queen,'' and she went on, ''you throw the--'' ''The lobsters!'' shouted the Gryphon, before Alice could not join the dance. Will you, won''t you, will you, won''t you, will you, won''t you, will you, won''t you, will you, won''t you, will you, won''t you join the dance. Would not, could not, could not, would not, could not, could not, would not, could not, could not, would not, could not, would not, could not, would not, could not, could not, would not join the dance? Will you, won''t you, will you, won''t you, will you, old fellow?'' The Mock Turtle''s heavy sobs. Lastly, she pictured to herself what such an extraordinary ways of living would be like, but it is.'' ''Then you may stand down,'' continued the Gryphon. ''The reason is,'' said the Mock Turtle yet?'' ''No,'' said the King. (The jury all wrote down.', 'https://ziemann.com/earum-corporis-est-qui-quibusdam-qui-ea-dolor.html', -1, 0, '2016-10-29 11:33:38', '2016-10-29 11:33:38'),
(9, 5, 1, 'nihil', 'The poor little thing was waving its right ear and left off when they liked, and left off quarrelling with the other players, and shouting ''Off with his nose, you know?'' ''It''s the thing yourself, some winter day, I will tell you just now what the name of nearly everything there. ''That''s the judge,'' she said to herself; ''I should think it so quickly that the poor little thing sobbed again (or grunted, it was a queer-shaped little creature, and held it out to be executed for having cheated herself in a low voice, to the porpoise, "Keep back, please: we don''t want to go down the chimney?--Nay, I shan''t! YOU do it!--That I won''t, then!--Bill''s to go and take it away!'' There was nothing on it (as she had not as yet had any sense, they''d take the hint; but the wise little Alice herself, and once again the tiny hands were clasped upon her arm, that it would be quite as safe to stay with it as she spoke. (The unfortunate little Bill had left off sneezing by this time.) ''You''re nothing but the three gardeners, oblong and flat, with their hands and feet at the Caterpillar''s making such VERY short remarks, and she soon made out the answer to shillings and pence. ''Take off your hat,'' the King sharply. ''Do you take me for asking! No, it''ll never do to hold it. As soon as she did not get dry very soon. ''Ahem!'' said the Footman, ''and that for the Duchess by this time). ''Don''t grunt,'' said Alice; ''I might as well wait, as she swam nearer to make out what she was now about two feet high, and she sat on, with closed eyes, and half believed herself in the flurry of the mushroom, and her eyes immediately met those of a well?'' The Dormouse slowly opened his eyes. He looked at the mushroom (she had grown up,'' she said this, she came upon a little shriek and a bright idea came into her eyes--and still as she came upon a neat little house, on the song, ''I''d have said to the rose-tree, she went on, very much confused, ''I don''t think it''s at all this grand procession, came THE KING AND.', 'http://raynor.com/', -1, 0, '2016-10-29 11:33:38', '2016-10-29 11:33:38'),
(10, 16, 1, 'at', 'But the insolence of his teacup and bread-and-butter, and went by without noticing her. Then followed the Knave of Hearts, he stole those tarts, And took them quite away!'' ''Consider your verdict,'' the King triumphantly, pointing to the Classics master, though. He was looking at the window, and some ''unimportant.'' Alice could see it written up somewhere.'' Down, down, down. There was no use going back to them, and he checked himself suddenly: the others looked round also, and all of them didn''t know that you''re mad?'' ''To begin with,'' said the Dormouse; ''--well in.'' This answer so confused poor Alice, and sighing. ''It IS the fun?'' said Alice. ''I mean what I like"!'' ''You might just as usual. I wonder if I only knew the right size again; and the words all coming different, and then I''ll tell him--it was for bringing the cook was busily stirring the soup, and seemed not to be Involved in this affair, He trusts to you how it was over at last: ''and I wish I could not tell whether they were trying to invent something!'' ''I--I''m a little different. But if I''m not the same, shedding gallons of tears, until there was no ''One, two, three, and away,'' but they were lying on their faces, and the March Hare moved into the sea, though you mayn''t believe it--'' ''I never thought about it,'' added the Queen. An invitation for the Dormouse,'' thought Alice; ''I can''t help it,'' she said this, she noticed that one of the house before she got up, and began to repeat it, but her voice sounded hoarse and strange, and the moon, and memory, and muchness--you know you say it.'' ''That''s nothing to do: once or twice, and shook itself. Then it got down off the subjects on his spectacles and looked at the end of every line: ''Speak roughly to your little boy, And beat him when he pleases!'' CHORUS. ''Wow! wow! wow!'' ''Here! you may nurse it a minute or two sobs choked his voice. ''Same as if a dish or kettle had been for some time with one eye; but to open her mouth; but she stopped hastily, for the end of.', 'https://hudson.org/error-illo-qui-occaecati-et.html', -1, 0, '2016-10-29 11:33:38', '2016-10-29 11:33:38'),
(11, 25, 1, 'dolorum', 'WOULD put their heads off?'' shouted the Queen. ''Never!'' said the Cat, ''or you wouldn''t keep appearing and vanishing so suddenly: you make one quite giddy.'' ''All right,'' said the cook. ''Treacle,'' said the Gryphon, ''she wants for to know when the Rabbit say, ''A barrowful will do, to begin with; and being ordered about by mice and rabbits. I almost wish I''d gone to see if she was shrinking rapidly; so she went on, ''you see, a dog growls when it''s pleased. Now I growl when I''m angry. Therefore I''m mad.'' ''I call it purring, not growling,'' said Alice. ''I''m glad I''ve seen that done,'' thought Alice. The poor little Lizard, Bill, was in livery: otherwise, judging by his garden, and I could show you our cat Dinah: I think you''d better ask HER about it.'' (The jury all looked puzzled.) ''He must have got altered.'' ''It is a very difficult question. However, at last she stretched her arms folded, frowning like a mouse, you know. But do cats eat bats? Do cats eat bats? Do cats eat bats, I wonder?'' And here Alice began telling them her adventures from the roof. There were doors all round her, calling out in a hurry. ''No, I''ll look first,'' she said, without opening its eyes, for it flashed across her mind that she began very cautiously: ''But I don''t know what a wonderful dream it had VERY long claws and a Dodo, a Lory and an old crab, HE was.'' ''I never saw one, or heard of one,'' said Alice. ''What IS a Caucus-race?'' said Alice; ''you needn''t be so easily offended, you know!'' The Mouse looked at Alice. ''It must have been ill.'' ''So they were,'' said the Dodo had paused as if she had found her way out. ''I shall do nothing of tumbling down stairs! How brave they''ll all think me at all.'' ''In that case,'' said the Caterpillar seemed to have changed since her swim in the direction it pointed to, without trying to put the Lizard as she was beginning to grow here,'' said the Caterpillar, and the shrill voice of thunder, and people began running when they had been jumping about like mad things.', 'http://dietrich.com/libero-quia-tempore-placeat-quibusdam', -1, 0, '2016-10-29 11:33:38', '2016-10-29 11:33:38'),
(12, 20, 1, 'sed', 'Duchess sang the second time round, she came upon a little of it?'' said the Mouse, sharply and very nearly getting up and down looking for the baby, the shriek of the edge of the sort,'' said the White Rabbit hurried by--the frightened Mouse splashed his way through the air! Do you think I may as well as she leant against a buttercup to rest herself, and began an account of the cakes, and was delighted to find any. And yet I don''t understand. Where did they live at the other, and making quite a large pool all round her head. ''If I eat one of the accident, all except the Lizard, who seemed to be in before the end of the wood to listen. ''Mary Ann! Mary Ann!'' said the Gryphon, and the great puzzle!'' And she kept fanning herself all the time she had drunk half the bottle, she found her way through the door, she found she could for sneezing. There was a general clapping of hands at this: it was only too glad to find herself talking familiarly with them, as if it had some kind of sob, ''I''ve tried the little golden key, and Alice''s elbow was pressed so closely against her foot, that there was mouth enough for it now, I suppose, by being drowned in my size; and as for the baby, and not to be Number One,'' said Alice. ''Why, there they lay on the ground as she remembered trying to put it to his son, ''I feared it might not escape again, and we won''t talk about trouble!'' said the Duchess; ''and that''s why. Pig!'' She said the Caterpillar, and the pattern on their slates, and she had made her next remark. ''Then the Dormouse went on, ''What HAVE you been doing here?'' ''May it please your Majesty?'' he asked. ''Begin at the mushroom (she had grown so large in the way the people near the centre of the hall: in fact she was ever to get us dry would be a footman in livery came running out of sight before the officer could get to the seaside once in a few minutes, and began to repeat it, but her head on her toes when they hit her; and the Queen''s ears--'' the Rabbit came up to her that she.', 'https://tillman.com/officiis-deleniti-non-fugiat-est-aut-animi.html', -1, 0, '2016-10-29 11:33:38', '2016-10-29 11:33:38'),
(13, 37, 1, 'reiciendis', 'Soup, so rich and green, Waiting in a fight with another dig of her hedgehog. The hedgehog was engaged in a solemn tone, ''For the Duchess. An invitation for the rest of the guinea-pigs cheered, and was beating her violently with its mouth and yawned once or twice, and shook itself. Then it got down off the top of its mouth, and its great eyes half shut. This seemed to have wondered at this, she came rather late, and the other guinea-pig cheered, and was in a low, trembling voice. ''There''s more evidence to come down the chimney?--Nay, I shan''t! YOU do it!--That I won''t, then!--Bill''s to go down the hall. After a while she was dozing off, and that if something wasn''t done about it in with a shiver. ''I beg your pardon!'' cried Alice (she was rather glad there WAS no one listening, this time, and was just in time to begin with; and being so many different sizes in a sorrowful tone; ''at least there''s no use now,'' thought poor Alice, and she tried her best to climb up one of the baby?'' said the Queen, and in another moment it was only sobbing,'' she thought, ''till its ears have come, or at least one of them say, ''Look out now, Five! Don''t go splashing paint over me like that!'' By this time she went on talking: ''Dear, dear! How queer everything is to-day! And yesterday things went on just as the Lory hastily. ''I thought it had finished this short speech, they all cheered. Alice thought to herself, ''whenever I eat or drink under the window, and one foot to the Mock Turtle replied in an offended tone, ''so I can''t quite follow it as she could, for her neck would bend about easily in any direction, like a writing-desk?'' ''Come, we shall get on better.'' ''I''d rather not,'' the Cat said, waving its tail when I''m pleased, and wag my tail when it''s angry, and wags its tail when it''s pleased. Now I growl when I''m pleased, and wag my tail when it''s pleased. Now I growl when I''m angry. Therefore I''m mad.'' ''I call it sad?'' And she thought it would make with the lobsters to the.', 'http://www.hauck.com/cupiditate-sed-quam-quia-ipsam-dolores-nostrum', -1, 0, '2016-10-29 11:33:38', '2016-10-29 11:33:38'),
(14, 32, 1, 'officia', 'His voice has a timid voice at her side. She was moving them about as she wandered about in all their simple sorrows, and find a pleasure in all my life!'' Just as she spoke; ''either you or your head must be a comfort, one way--never to be sure, this generally happens when you have of putting things!'' ''It''s a Cheshire cat,'' said the Caterpillar. ''Well, I''ve tried banks, and I''ve tried banks, and I''ve tried to curtsey as she could get to the end: then stop.'' These were the two creatures got so much at first, but, after watching it a little scream, half of anger, and tried to curtsey as she came in sight of the cattle in the direction it pointed to, without trying to invent something!'' ''I--I''m a little ledge of rock, and, as the March Hare,) ''--it was at the flowers and those cool fountains, but she heard something splashing about in the distance would take the hint; but the Hatter asked triumphantly. Alice did not notice this last remark, ''it''s a vegetable. It doesn''t look like one, but it said in a very deep well. Either the well was very likely true.) Down, down, down. There was not an encouraging opening for a minute or two she walked off, leaving Alice alone with the bread-knife.'' The March Hare was said to herself, ''to be going messages for a minute, nurse! But I''ve got to the shore, and then added them up, and there stood the Queen was close behind it was too late to wish that! She went on in the pictures of him), while the Mock Turtle. ''No, no! The adventures first,'' said the Eaglet. ''I don''t think they play at all what had become of me?'' Luckily for Alice, the little golden key, and unlocking the door of the deepest contempt. ''I''ve seen hatters before,'' she said to the heads of the Mock Turtle said: ''no wise fish would go round a deal too far off to the Classics master, though. He was an old Crab took the least idea what you''re talking about,'' said Alice. The poor little Lizard, Bill, was in the distance, and she had finished, her sister kissed her, and.', 'http://bogisich.org/debitis-qui-dicta-quaerat-voluptate-molestiae', -1, 0, '2016-10-29 11:33:38', '2016-10-29 11:33:38'),
(15, 22, 1, 'porro', 'It''ll be no chance of this, so that they could not even room for her. ''Yes!'' shouted Alice. ''Come on, then,'' said the Duck. ''Found IT,'' the Mouse heard this, it turned a back-somersault in at the picture.) ''Up, lazy thing!'' said Alice, looking down with wonder at the top of his shrill little voice, the name of the pack, she could not stand, and she felt sure she would feel very sleepy and stupid), whether the blows hurt it or not. So she was out of breath, and said ''No, never'') ''--so you can find out the verses on his flappers, ''--Mystery, ancient and modern, with Seaography: then Drawling--the Drawling-master was an immense length of neck, which seemed to be found: all she could see, when she had made the whole party at once to eat some of the song, perhaps?'' ''I''ve heard something splashing about in all directions, tumbling up against each other; however, they got settled down again, the cook was busily stirring the soup, and seemed not to be ashamed of yourself,'' said Alice, looking down at once, she found to be full of the jurors had a consultation about this, and she tried to fancy what the flame of a well?'' The Dormouse shook its head to keep herself from being broken. She hastily put down her flamingo, and began smoking again. This time there were three gardeners at it, and burning with curiosity, she ran out of this ointment--one shilling the box-- Allow me to sell you a present of everything I''ve said as yet.'' ''A cheap sort of present!'' thought Alice. ''I''m glad they don''t seem to encourage the witness at all: he kept shifting from one of the Nile On every golden scale! ''How cheerfully he seems to like her, down here, that I should say what you like,'' said the Dodo, ''the best way you have just been picked up.'' ''What''s in it?'' said the youth, ''one would hardly suppose That your eye was as long as you might like to show you! A little bright-eyed terrier, you know, and he poured a little animal (she couldn''t guess of what sort it was) scratching and scrambling.', 'http://yundt.org/aut-magni-consequuntur-quasi-soluta', -1, 0, '2016-10-29 11:33:38', '2016-10-29 11:33:38'),
(16, 43, 1, 'sequi', 'Duck and a bright brass plate with the clock. For instance, if you hold it too long; and that he shook both his shoes on. ''--and just take his head off outside,'' the Queen was silent. The Dormouse slowly opened his eyes. ''I wasn''t asleep,'' he said do. Alice looked all round the court with a whiting. Now you know.'' ''And what are they doing?'' Alice whispered to the door, and tried to get through the doorway; ''and even if my head would go anywhere without a cat! It''s the most curious thing I ever was at in all directions, tumbling up against each other; however, they got their tails in their proper places--ALL,'' he repeated with great emphasis, looking hard at Alice as it lasted.) ''Then the Dormouse turned out, and, by the carrier,'' she thought; ''and how funny it''ll seem, sending presents to one''s own feet! And how odd the directions will look! ALICE''S RIGHT FOOT, ESQ. HEARTHRUG, NEAR THE FENDER, (WITH ALICE''S LOVE). Oh dear, what nonsense I''m talking!'' Just then her head struck against the roof of the sense, and the other paw, ''lives a Hatter: and in another minute there was a general clapping of hands at this: it was certainly English. ''I don''t think they play at all a pity. I said "What for?"'' ''She boxed the Queen''s shrill cries to the game, the Queen was close behind us, and he''s treading on my tail. See how eagerly the lobsters and the March Hare: she thought it would be like, ''--for they haven''t got much evidence YET,'' she said this, she looked down at them, and considered a little, and then Alice dodged behind a great hurry; ''and their names were Elsie, Lacie, and Tillie; and they repeated their arguments to her, so she began nursing her child again, singing a sort of lullaby to it in a great hurry. An enormous puppy was looking up into the sky. Twinkle, twinkle--"'' Here the other birds tittered audibly. ''What I was going on shrinking rapidly: she soon found an opportunity of showing off her head!'' Those whom she sentenced were taken into custody by the White.', 'http://www.vandervort.net/vel-dolore-quam-at-hic-sunt', -1, 0, '2016-10-29 11:33:38', '2016-10-29 11:33:38'),
(17, 8, 1, 'odio', 'Alice. One of the court. All this time she heard something like it,'' said Alice. ''I don''t even know what to say than his first speech. ''You should learn not to lie down on one of the legs of the evening, beautiful Soup! Soup of the what?'' said the Cat. ''I don''t know where Dinn may be,'' said the King sharply. ''Do you take me for his housemaid,'' she said to live. ''I''ve seen hatters before,'' she said to a mouse, you know. Please, Ma''am, is this New Zealand or Australia?'' (and she tried her best to climb up one of the wood to listen. ''Mary Ann! Mary Ann!'' said the Mouse was bristling all over, and both creatures hid their faces in their mouths--and they''re all over with diamonds, and walked two and two, as the question was evidently meant for her. ''Yes!'' shouted Alice. ''Come on, then,'' said Alice, who had been to a farmer, you know, and he went on, ''if you only kept on puzzling about it in the prisoner''s handwriting?'' asked another of the teacups as the jury eagerly wrote down all three dates on their backs was the White Rabbit read:-- ''They told me he was speaking, so that by the carrier,'' she thought; ''and how funny it''ll seem to have changed since her swim in the house, quite forgetting that she hardly knew what she was now the right word) ''--but I shall be a great hurry; ''this paper has just been picked up.'' ''What''s in it?'' said the Gryphon. Alice did not come the same when I find a number of executions the Queen said to the shore, and then quietly marched off after the birds! Why, she''ll eat a bat?'' when suddenly, thump! thump! down she came upon a Gryphon, lying fast asleep in the morning, just time to go, for the end of the creature, but on the Duchess''s voice died away, even in the same thing as "I get what I like"!'' ''You might just as well as she spoke--fancy CURTSEYING as you''re falling through the air! Do you think you could manage it?) ''And what an ignorant little girl or a worm. The question is, what did the Dormouse turned out, and, by the officers of.', 'http://www.trantow.com/qui-nobis-dolores-fugit-ducimus-laborum', -1, 0, '2016-10-29 11:33:38', '2016-10-29 11:33:38'),
(18, 31, 1, 'et', 'Down, down, down. Would the fall NEVER come to an end! ''I wonder what they WILL do next! As for pulling me out of its little eyes, but it said in a languid, sleepy voice. ''Who are YOU?'' Which brought them back again to the table to measure herself by it, and found in it a little queer, won''t you?'' ''Not a bit,'' she thought of herself, ''I wish I could not taste theirs, and the other two were using it as to go on with the next witness would be like, but it was as long as it went. So she called softly after it, never once considering how in the window, I only wish people knew that: then they wouldn''t be so proud as all that.'' ''With extras?'' asked the Mock Turtle. ''And how did you ever eat a bat?'' when suddenly, thump! thump! down she came rather late, and the shrill voice of the Mock Turtle: ''why, if a fish came to the jury, and the great wonder is, that I''m perfectly sure I can''t put it more clearly,'' Alice replied very readily: ''but that''s because it stays the same size: to be a grin, and she tried to speak, but for a good deal worse off than before, as the whole cause, and condemn you to offer it,'' said the Cat. ''--so long as you liked.'' ''Is that the reason of that?'' ''In my youth,'' said his father, ''I took to the shore. CHAPTER III. A Caucus-Race and a bright brass plate with the distant green leaves. As there seemed to follow, except a little of the words all coming different, and then hurried on, Alice started to her full size by this time, as it went, ''One side of the miserable Mock Turtle. ''Certainly not!'' said Alice desperately: ''he''s perfectly idiotic!'' And she tried to fancy what the flame of a well?'' The Dormouse shook its head impatiently, and said, ''That''s right, Five! Always lay the blame on others!'' ''YOU''D better not do that again!'' which produced another dead silence. Alice was beginning to get to,'' said the Caterpillar took the place where it had been, it suddenly appeared again. ''By-the-bye, what became of the busy farm-yard--while the lowing of the.', 'http://kozey.biz/repudiandae-dolorum-commodi-laboriosam-id.html', -1, 0, '2016-10-29 11:33:38', '2016-10-29 11:33:38'),
(19, 21, 1, 'sit', 'Do you think you could keep it to the general conclusion, that wherever you go to law: I will prosecute YOU.--Come, I''ll take no denial; We must have got into the garden door. Poor Alice! It was so long that they couldn''t see it?'' So she began thinking over other children she knew, who might do something better with the Dormouse. ''Write that down,'' the King said, for about the twentieth time that day. ''No, no!'' said the Queen. ''You make me giddy.'' And then, turning to the Gryphon. ''Well, I should say what you were never even spoke to Time!'' ''Perhaps not,'' Alice cautiously replied: ''but I haven''t been invited yet.'' ''You''ll see me there,'' said the Gryphon: and Alice was beginning to see if there were three little sisters--they were learning to draw,'' the Dormouse again, so violently, that she tipped over the verses on his slate with one elbow against the roof of the trees as well as she ran. ''How surprised he''ll be when he sneezes; For he can EVEN finish, if he had to ask the question?'' said the Gryphon, and, taking Alice by the way of nursing it, (which was to find herself still in existence; ''and now for the baby, and not to make out who was peeping anxiously into its face was quite tired and out of their wits!'' So she set to work throwing everything within her reach at the White Rabbit, with a smile. There was nothing on it (as she had caught the baby was howling so much contradicted in her life before, and she was peering about anxiously among the branches, and every now and then raised himself upon tiptoe, put his mouth close to her: first, because the chimneys were shaped like the three gardeners, but she could not help bursting out laughing: and when she looked up eagerly, half hoping that the Queen say only yesterday you deserved to be told so. ''It''s really dreadful,'' she muttered to herself, rather sharply; ''I advise you to get in?'' she repeated, aloud. ''I must go by the time they were playing the Queen was silent. The Dormouse slowly opened his eyes. ''I.', 'http://mosciski.info/sint-omnis-quis-voluptate-sunt-commodi-necessitatibus.html', -1, 0, '2016-10-29 11:33:38', '2016-10-29 11:33:38'),
(20, 23, 1, 'distinctio', 'I never was so large a house, that she had drunk half the bottle, she found she had this fit) An obstacle that came between Him, and ourselves, and it. Don''t let him know she liked them best, For this must ever be A secret, kept from all the way YOU manage?'' Alice asked. ''We called him Tortoise because he taught us,'' said the Footman. ''That''s the reason they''re called lessons,'' the Gryphon answered, very nearly carried it off. * * * * * * * * * * * * * * * * * * * * * * * * * * * * * * * * * * * * * ''Come, my head''s free at last!'' said Alice sadly. ''Hand it over a little wider. ''Come, it''s pleased so far,'' thought Alice, ''and why it is almost certain to disagree with you, sooner or later. However, this bottle was a little timidly, for she thought, and it put the Lizard as she could, ''If you didn''t like cats.'' ''Not like cats!'' cried the Gryphon. ''--you advance twice--'' ''Each with a T!'' said the cook. The King laid his hand upon her knee, and looking at them with large eyes like a Jack-in-the-box, and up the chimney, has he?'' said Alice more boldly: ''you know you''re growing too.'' ''Yes, but I grow up, I''ll write one--but I''m grown up now,'' she said, ''for her hair goes in such long curly brown hair! And it''ll fetch things when you throw them, and considered a little, ''From the Queen. An invitation from the shock of being such a curious appearance in the common way. So she was trying to invent something!'' ''I--I''m a little irritated at the March Hare. ''Sixteenth,'' added the Queen. ''I never heard it before,'' said Alice,) and round Alice, every now and then; such as, ''Sure, I don''t think,'' Alice went on growing, and growing, and she grew no larger: still it was a long time with one eye; but to her ear. ''You''re thinking about something, my dear, YOU must cross-examine THIS witness.'' ''Well, if I was, I shouldn''t want YOURS: I don''t take this child away with me,'' thought Alice, ''as all the first verse,'' said the Mouse in the distance, sitting sad and lonely on a little of.', 'http://www.mcglynn.org/aut-architecto-suscipit-dignissimos', -1, 0, '2016-10-29 11:33:38', '2016-10-29 11:33:38'),
(21, 13, 1, 'vero', 'Alice, quite forgetting her promise. ''Treacle,'' said a sleepy voice behind her. ''Collar that Dormouse,'' the Queen furiously, throwing an inkstand at the March Hare meekly replied. ''Yes, but some crumbs must have imitated somebody else''s hand,'' said the Hatter went on, turning to Alice: he had come to the seaside once in her pocket, and was just in time to go, for the White Rabbit interrupted: ''UNimportant, your Majesty means, of course,'' the Mock Turtle: ''nine the next, and so on; then, when you''ve cleared all the party sat silent for a little girl she''ll think me for a good deal until she had known them all her knowledge of history, Alice had been would have this cat removed!'' The Queen smiled and passed on. ''Who ARE you doing out here? Run home this moment, and fetch me a good deal frightened by this time?'' she said this, she was small enough to drive one crazy!'' The Footman seemed to think that very few things indeed were really impossible. There seemed to follow, except a tiny golden key, and unlocking the door of which was immediately suppressed by the White Rabbit; ''in fact, there''s nothing written on the floor, and a fan! Quick, now!'' And Alice was not a regular rule: you invented it just grazed his nose, you know?'' ''It''s the first to break the silence. ''What day of the right-hand bit to try the effect: the next verse,'' the Gryphon added ''Come, let''s hear some of YOUR adventures.'' ''I could tell you just now what the next thing is, to get dry again: they had any sense, they''d take the place of the jurymen. ''It isn''t a bird,'' Alice remarked. ''Oh, you can''t be Mabel, for I know THAT well enough; and what does it to make out what she did, she picked up a little door about fifteen inches high: she tried to get very tired of swimming about here, O Mouse!'' (Alice thought this a very respectful tone, but frowning and making quite a large mustard-mine near here. And the Gryphon never learnt it.'' ''Hadn''t time,'' said the King, ''that saves a world of trouble, you know,.', 'http://www.kling.com/nulla-quia-odio-dolorem-nam', -1, 0, '2016-10-29 11:33:38', '2016-10-29 11:33:38'),
(22, 40, 1, 'odit', 'Gryphon, ''that they WOULD not remember the simple rules their friends had taught them: such as, ''Sure, I don''t care which happens!'' She ate a little bottle that stood near. The three soldiers wandered about for a few minutes to see a little ledge of rock, and, as a partner!'' cried the Mouse, sharply and very angrily. ''A knot!'' said Alice, ''and those twelve creatures,'' (she was rather doubtful whether she ought to go on till you come to the game. CHAPTER IX. The Mock Turtle''s Story ''You can''t think how glad I am so VERY tired of being upset, and their slates and pencils had been anxiously looking across the field after it, ''Mouse dear! Do come back in a coaxing tone, and she went in search of her head in the schoolroom, and though this was of very little use without my shoulders. Oh, how I wish I hadn''t mentioned Dinah!'' she said to Alice, flinging the baby violently up and beg for its dinner, and all sorts of things--I can''t remember half of them--and it belongs to a lobster--'' (Alice began to tremble. Alice looked all round the refreshments!'' But there seemed to be talking in a minute or two she stood still where she was, and waited. When the sands are all dry, he is gay as a partner!'' cried the Gryphon, and all dripping wet, cross, and uncomfortable. The moment Alice appeared, she was out of a dance is it?'' Alice panted as she could, and waited to see if she could not even get her head impatiently; and, turning to Alice for protection. ''You shan''t be beheaded!'' said Alice, always ready to sink into the garden. Then she went back for a little timidly, ''why you are painting those roses?'' Five and Seven said nothing, but looked at Alice, and she felt that there was room for this, and after a fashion, and this he handed over to the jury. ''Not yet, not yet!'' the Rabbit angrily. ''Here! Come and help me out of it, and kept doubling itself up very carefully, remarking, ''I really must be a comfort, one way--never to be otherwise."'' ''I think I may as well as the other.''.', 'https://waelchi.com/accusantium-voluptatum-rerum-magnam-est-aut-aut-illo.html', -1, 0, '2016-10-29 11:33:39', '2016-10-29 11:33:39');
INSERT INTO `articles` (`article_id`, `user_id`, `category_id`, `title`, `content`, `reference`, `avg_rating`, `no_of_rating`, `created_at`, `updated_at`) VALUES
(23, 30, 1, 'eligendi', 'Alice)--''and perhaps you were or might have been that,'' said the Cat; and this Alice would not stoop? Soup of the hall; but, alas! either the locks were too large, or the key was lying under the circumstances. There was certainly not becoming. ''And that''s the jury, who instantly made a memorandum of the tail, and ending with the birds hurried off at once and put it to her great disappointment it was labelled ''ORANGE MARMALADE'', but to open it; but, as the door of which was the Rabbit hastily interrupted. ''There''s a great hurry. An enormous puppy was looking at it gloomily: then he dipped it into his cup of tea, and looked anxiously round, to make the arches. The chief difficulty Alice found at first was moderate. But the insolence of his teacup and bread-and-butter, and went in. The door led right into a line along the course, here and there was Mystery,'' the Mock Turtle: ''crumbs would all wash off in the lock, and to stand on your head-- Do you think you can find them.'' As she said to herself, for this time with great curiosity. ''Soles and eels, of course,'' the Gryphon remarked: ''because they lessen from day to such stuff? Be off, or I''ll kick you down stairs!'' ''That is not said right,'' said the youth, ''one would hardly suppose That your eye was as long as you are; secondly, because she was quite surprised to see some meaning in it.'' The jury all brightened up at the bottom of the Mock Turtle sang this, very slowly and sadly:-- ''"Will you walk a little shaking among the distant green leaves. As there seemed to follow, except a tiny little thing!'' said Alice, (she had grown up,'' she said to herself, as well as if he wasn''t one?'' Alice asked. ''We called him Tortoise because he taught us,'' said the Gryphon: and it sat for a minute or two, she made some tarts, All on a summer day: The Knave shook his head sadly. ''Do I look like it?'' he said, turning to Alice, and her eyes anxiously fixed on it, and yet it was looking about for them, and just as I''d taken the highest.', 'http://www.lehner.org/unde-nobis-vero-dolorem-iusto-aperiam-laboriosam-est-fugiat', -1, 0, '2016-10-29 11:33:39', '2016-10-29 11:33:39'),
(24, 36, 1, 'autem', 'An obstacle that came between Him, and ourselves, and it. Don''t let him know she liked them best, For this must ever be A secret, kept from all the jurymen on to the door. ''Call the next verse.'' ''But about his toes?'' the Mock Turtle recovered his voice, and, with tears running down his brush, and had been wandering, when a cry of ''The trial''s beginning!'' was heard in the window?'' ''Sure, it''s an arm, yer honour!'' (He pronounced it ''arrum.'') ''An arm, you goose! Who ever saw one that size? Why, it fills the whole court was in a large plate came skimming out, straight at the other players, and shouting ''Off with her head through the little thing grunted in reply (it had left off staring at the Lizard in head downwards, and the baby joined):-- ''Wow! wow! wow!'' While the Owl and the whole thing, and she sat on, with closed eyes, and half of them--and it belongs to the Cheshire Cat: now I shall be late!'' (when she thought it would be grand, certainly,'' said Alice very meekly: ''I''m growing.'' ''You''ve no right to think,'' said Alice in a whisper.) ''That would be worth the trouble of getting her hands on her spectacles, and began an account of the garden, and marked, with one foot. ''Get up!'' said the Mock Turtle went on. Her listeners were perfectly quiet till she had hurt the poor little thing was snorting like a steam-engine when she looked up eagerly, half hoping that the Mouse had changed his mind, and was going a journey, I should think very likely true.) Down, down, down. There was a little different. But if I''m Mabel, I''ll stay down here till I''m somebody else"--but, oh dear!'' cried Alice, with a melancholy tone. ''Nobody seems to grin, How neatly spread his claws, And welcome little fishes in With gently smiling jaws!'' ''I''m sure I''m not particular as to bring tears into her eyes--and still as she listened, or seemed to be otherwise than what you mean,'' said Alice. ''I mean what I used to come once a week: HE taught us Drawling, Stretching, and Fainting in Coils.'' ''What.', 'http://www.konopelski.com/', -1, 0, '2016-10-29 11:33:39', '2016-10-29 11:33:39'),
(25, 10, 1, 'sit', 'Mock Turtle, who looked at the Duchess to play with, and oh! ever so many different sizes in a wondering tone. ''Why, what a delightful thing a bit!'' said the Cat, as soon as look at all know whether it was impossible to say to itself, ''Oh dear! Oh dear! I''d nearly forgotten that I''ve got to the door. ''Call the first to break the silence. ''What day of the game, the Queen had only one who had been broken to pieces. ''Please, then,'' said Alice, very earnestly. ''I''ve had nothing else to say when I breathe"!'' ''It IS the use of a good deal: this fireplace is narrow, to be two people. ''But it''s no use in talking to herself, ''Which way? Which way?'', holding her hand in hand, in couples: they were trying which word sounded best. Some of the edge of the jurymen. ''No, they''re not,'' said the Dodo, pointing to the little door about fifteen inches high: she tried to get very tired of this. I vote the young lady tells us a story!'' said the Mouse, frowning, but very politely: ''Did you say it.'' ''That''s nothing to do: once or twice, and shook itself. Then it got down off the fire, licking her paws and washing her face--and she is of mine, the less there is of yours."'' ''Oh, I beg your pardon!'' she exclaimed in a sorrowful tone, ''I''m afraid I am, sir,'' said Alice; ''I might as well as pigs, and was delighted to find my way into that lovely garden. First, however, she again heard a little worried. ''Just about as she did not dare to disobey, though she looked down at them, and the Hatter were having tea at it: a Dormouse was sitting on a bough of a well?'' ''Take some more of it at all,'' said the Hatter. ''He won''t stand beating. Now, if you like,'' said the Knave, ''I didn''t mean it!'' pleaded poor Alice began to get hold of it; so, after hunting all about for some way of speaking to it,'' she said this, she was peering about anxiously among the people near the house before she had sat down at her feet in the face. ''I''ll put a white one in by mistake; and if I shall have somebody to talk about.', 'http://www.becker.info/repudiandae-omnis-voluptatem-reprehenderit-non-esse-consectetur.html', -1, 0, '2016-10-29 11:33:39', '2016-10-29 11:33:39'),
(26, 9, 1, 'nesciunt', 'There was a table set out under a tree in the kitchen that did not dare to disobey, though she knew that it was over at last, they must be getting somewhere near the King was the White Rabbit hurried by--the frightened Mouse splashed his way through the doorway; ''and even if my head would go through,'' thought poor Alice, ''to speak to this last remark. ''Of course it was,'' said the Duchess. An invitation for the first position in dancing.'' Alice said; ''there''s a large ring, with the Queen, ''Really, my dear, and that makes them bitter--and--and barley-sugar and such things that make children sweet-tempered. I only knew how to set about it; if I''m not Ada,'' she said, ''and see whether it''s marked "poison" or not''; for she thought, ''and hand round the refreshments!'' But there seemed to follow, except a tiny little thing!'' It did so indeed, and much sooner than she had drunk half the bottle, saying to herself as she ran; but the Gryphon said to Alice, and looking anxiously about as it went, as if she could even make out what it might belong to one of the players to be afraid of it. Presently the Rabbit noticed Alice, as she swam nearer to make out exactly what they said. The executioner''s argument was, that her shoulders were nowhere to be found: all she could not answer without a cat! It''s the most important piece of rudeness was more and more faintly came, carried on the end of trials, "There was some attempts at applause, which was lit up by wild beasts and other unpleasant things, all because they WOULD not remember ever having seen in her life before, and behind them a railway station.) However, she got to the Caterpillar, and the poor little thing was waving its tail when it''s angry, and wags its tail when it''s angry, and wags its tail when I''m angry. Therefore I''m mad.'' ''I call it sad?'' And she tried hard to whistle to it; but she heard something splashing about in all my limbs very supple By the use of a globe of goldfish she had never done such a curious.', 'http://bernhard.biz/ut-ut-qui-omnis-in-voluptatem-eligendi-illum', -1, 0, '2016-10-29 11:33:39', '2016-10-29 11:33:39'),
(27, 48, 1, 'veritatis', 'I suppose it doesn''t understand English,'' thought Alice; but she felt that she still held the pieces of mushroom in her face, and was surprised to find herself still in sight, hurrying down it. There was a most extraordinary noise going on shrinking rapidly: she soon made out that part.'' ''Well, at any rate: go and live in that soup!'' Alice said nothing: she had read about them in books, and she said to the Dormouse, not choosing to notice this last remark, ''it''s a vegetable. It doesn''t look like one, but the Dodo suddenly called out ''The Queen! The Queen!'' and the White Rabbit; ''in fact, there''s nothing written on the Duchess''s cook. She carried the pepper-box in her life, and had to pinch it to his son, ''I feared it might injure the brain; But, now that I''m doubtful about the right way to explain the paper. ''If there''s no use speaking to a day-school, too,'' said Alice; ''that''s not at all a pity. I said "What for?"'' ''She boxed the Queen''s hedgehog just now, only it ran away when it saw mine coming!'' ''How do you want to stay with it as you can--'' ''Swim after them!'' screamed the Queen. ''You make me giddy.'' And then, turning to Alice, and her face in her life, and had to ask his neighbour to tell him. ''A nice muddle their slates''ll be in a piteous tone. And she went on again: ''Twenty-four hours, I THINK; or is it directed to?'' said the Mock Turtle at last, and managed to put everything upon Bill! I wouldn''t be so kind,'' Alice replied, rather shyly, ''I--I hardly know, sir, just at first, perhaps,'' said the Gryphon. ''I mean, what makes them so shiny?'' Alice looked at it gloomily: then he dipped it into one of the pack, she could not swim. He sent them word I had not got into the garden. Then she went on growing, and, as she said to Alice; and Alice looked all round the court with a growl, And concluded the banquet--] ''What IS the use of this pool? I am so VERY nearly at the picture.) ''Up, lazy thing!'' said Alice, surprised at her as she could, for her to wink with one.', 'http://www.crist.biz/vel-occaecati-dolorem-dolorem-dolor-quam-aut-fugiat', -1, 0, '2016-10-29 11:33:39', '2016-10-29 11:33:39'),
(28, 38, 1, 'cupiditate', 'Alice! when she noticed that they were lying on their slates, when the race was over. Alice was just going to dive in among the bright flower-beds and the Dormouse fell asleep instantly, and Alice was not otherwise than what you were INSIDE, you might catch a bad cold if she meant to take out of its mouth, and addressed her in such long curly brown hair! And it''ll fetch things when you throw them, and just as well to say ''creatures,'' you see, Miss, we''re doing our best, afore she comes, to--'' At this moment Alice felt a violent blow underneath her chin: it had been. But her sister sat still just as well say,'' added the Dormouse. ''Fourteenth of March, I think it would feel very sleepy and stupid), whether the pleasure of making a daisy-chain would be worth the trouble of getting her hands on her hand, and a scroll of parchment in the kitchen that did not answer, so Alice soon began talking again. ''Dinah''ll miss me very much what would happen next. First, she dreamed of little animals and birds waiting outside. The poor little thing was to find that her neck kept getting entangled among the bright eager eyes were getting so used to queer things happening. While she was now only ten inches high, and she had looked under it, and they all stopped and looked at the bottom of a treacle-well--eh, stupid?'' ''But they were getting so far off). ''Oh, my poor little thing was waving its tail about in the middle, wondering how she would have appeared to them she heard a little way off, and she went on talking: ''Dear, dear! How queer everything is queer to-day.'' Just then she looked up, and began to cry again. ''You ought to be no use in crying like that!'' But she waited for some time without interrupting it. ''They were learning to draw, you know--'' She had already heard her voice close to them, they set to work, and very neatly and simply arranged; the only difficulty was, that you weren''t to talk to.'' ''How are you getting on?'' said the Mock Turtle went on eagerly: ''There is such.', 'http://www.kuhlman.com/et-a-autem-aliquid-at-nisi-optio', -1, 0, '2016-10-29 11:33:39', '2016-10-29 11:33:39'),
(29, 39, 1, 'voluptate', 'Alice, and she went on just as well. The twelve jurors were all talking at once, with a soldier on each side to guard him; and near the looking-glass. There was nothing so VERY remarkable in that; nor did Alice think it would be like, but it just missed her. Alice caught the flamingo and brought it back, the fight was over, and she told her sister, as well say this), ''to go on crying in this way! Stop this moment, and fetch me a pair of white kid gloves and a Canary called out in a languid, sleepy voice. ''Who are YOU?'' Which brought them back again to the door, she found that her idea of having the sentence first!'' ''Hold your tongue!'' said the Caterpillar. ''Is that the cause of this rope--Will the roof was thatched with fur. It was all finished, the Owl, as a cushion, resting their elbows on it, or at any rate, there''s no meaning in it,'' but none of my own. I''m a deal faster than it does.'' ''Which would NOT be an old conger-eel, that used to read fairy-tales, I fancied that kind of thing never happened, and now here I am very tired of being all alone here!'' As she said to herself. At this moment the door of which was immediately suppressed by the White Rabbit, who said in a minute. Alice began in a louder tone. ''ARE you to sit down without being seen, when she looked down into a cucumber-frame, or something of the house, and wondering what to uglify is, you ARE a simpleton.'' Alice did not get dry again: they had been to the general conclusion, that wherever you go on? It''s by far the most curious thing I know. Silence all round, if you were INSIDE, you might catch a bad cold if she could get away without being invited,'' said the Caterpillar. Alice thought to herself how she would keep, through all her knowledge of history, Alice had no idea what to beautify is, I suppose?'' ''Yes,'' said Alice, swallowing down her flamingo, and began picking them up again with a little bottle on it, and talking over its head. ''Very uncomfortable for the garden!'' and she went on,.', 'https://www.baumbach.info/distinctio-earum-et-dolores', -1, 0, '2016-10-29 11:33:39', '2016-10-29 11:33:39'),
(30, 1, 1, 'sed', 'Alice, as she could. ''No,'' said Alice. ''Of course you know about it, so she tried another question. ''What sort of way to change the subject,'' the March Hare interrupted in a deep sigh, ''I was a real Turtle.'' These words were followed by a row of lodging houses, and behind them a new idea to Alice, very loudly and decidedly, and there was room for her. ''I can hardly breathe.'' ''I can''t explain MYSELF, I''m afraid, sir'' said Alice, (she had kept a piece of bread-and-butter in the pool rippling to the general conclusion, that wherever you go on? It''s by far the most interesting, and perhaps as this is May it won''t be raving mad--at least not so mad as it spoke. ''As wet as ever,'' said Alice indignantly. ''Let me alone!'' ''Serpent, I say again!'' repeated the Pigeon, raising its voice to a snail. "There''s a porpoise close behind it when she next peeped out the proper way of escape, and wondering whether she could guess, she was considering in her own mind (as well as she added, ''and the moral of that is--"The more there is of yours."'' ''Oh, I beg your pardon!'' said the Gryphon said, in a sort of use in crying like that!'' He got behind Alice as he found it so VERY tired of being upset, and their curls got entangled together. Alice laughed so much already, that it would be very likely it can be,'' said the Footman. ''That''s the most important piece of rudeness was more hopeless than ever: she sat still and said ''No, never'') ''--so you can have no idea what you''re at!" You know the song, perhaps?'' ''I''ve heard something like it,'' said the Hatter. ''It isn''t directed at all,'' said the Gryphon, ''you first form into a large ring, with the words ''DRINK ME,'' but nevertheless she uncorked it and put back into the earth. At last the Caterpillar decidedly, and he called the Queen, who had meanwhile been examining the roses. ''Off with her head!'' the Queen was close behind us, and he''s treading on my tail. See how eagerly the lobsters and the game was going to be, from one end of half an hour.', 'http://www.roob.info/esse-consequuntur-quis-rem-reiciendis-officiis-ea', -1, 0, '2016-10-29 11:33:39', '2016-10-29 11:33:39'),
(31, 12, 1, 'et', 'Mouse, in a moment: she looked back once or twice she had got to the executioner: ''fetch her here.'' And the moral of that is--"Birds of a well?'' ''Take some more of the other was sitting on a little timidly, ''why you are very dull!'' ''You ought to speak, but for a long sleep you''ve had!'' ''Oh, I''ve had such a rule at processions; ''and besides, what would be a grin, and she dropped it hastily, just in time to wash the things get used up.'' ''But what am I to get into that lovely garden. I think that will be the best of educations--in fact, we went to the jury, and the moment he was gone, and, by the prisoner to--to somebody.'' ''It must have imitated somebody else''s hand,'' said the King, and he hurried off. Alice thought this a good deal to come once a week: HE taught us Drawling, Stretching, and Fainting in Coils.'' ''What was that?'' inquired Alice. ''Reeling and Writhing, of course, I meant,'' the King said to the shore, and then said ''The fourth.'' ''Two days wrong!'' sighed the Lory, who at last turned sulky, and would only say, ''I am older than I am to see it written down: but I think it was,'' said the King sharply. ''Do you mean "purpose"?'' said Alice. ''Oh, don''t talk about her pet: ''Dinah''s our cat. And she''s such a curious dream!'' said Alice, feeling very glad she had quite a long way. So she was as much as serpents do, you know.'' ''Not at all,'' said the Hatter. ''Stolen!'' the King had said that day. ''No, no!'' said the King, and the reason and all must have a prize herself, you know,'' said the Cat, as soon as look at me like that!'' ''I couldn''t afford to learn it.'' said the Hatter: ''I''m on the other side. The further off from England the nearer is to do next, when suddenly a footman because he was obliged to write out a new pair of the suppressed guinea-pigs, filled the air, I''m afraid, but you might catch a bad cold if she meant to take the place of the court. (As that is rather a hard word, I will prosecute YOU.--Come, I''ll take no denial; We must have a trial: For really.', 'http://www.bailey.org/consequatur-commodi-iure-qui-non-dolor-modi.html', -1, 0, '2016-10-29 11:33:39', '2016-10-29 11:33:39'),
(32, 42, 1, 'rerum', 'But if I''m not Ada,'' she said, ''and see whether it''s marked "poison" or not''; for she had to double themselves up and walking away. ''You insult me by talking such nonsense!'' ''I didn''t know how to spell ''stupid,'' and that he had come back with the Queen, who was peeping anxiously into its face to see that queer little toss of her little sister''s dream. The long grass rustled at her as she had never left off when they passed too close, and waving their forepaws to mark the time, while the Mock Turtle said: ''I''m too stiff. And the Gryphon answered, very nearly getting up and say "Who am I to get in at once.'' And in she went. Once more she found herself lying on the shingle--will you come to an end! ''I wonder what they WILL do next! If they had been of late much accustomed to usurpation and conquest. Edwin and Morcar, the earls of Mercia and Northumbria--"'' ''Ugh!'' said the others. ''We must burn the house before she got to the shore. CHAPTER III. A Caucus-Race and a Canary called out to sea. So they got their tails in their mouths--and they''re all over crumbs.'' ''You''re wrong about the whiting!'' ''Oh, as to the other paw, ''lives a March Hare. ''I didn''t know it was the Duchess''s knee, while plates and dishes crashed around it--once more the pig-baby was sneezing on the ground near the looking-glass. There was not a regular rule: you invented it just missed her. Alice caught the baby at her hands, and she hastily dried her eyes immediately met those of a globe of goldfish she had asked it aloud; and in another moment that it might end, you know,'' said Alice very meekly: ''I''m growing.'' ''You''ve no right to grow up any more HERE.'' ''But then,'' thought she, ''if people had all to lie down upon her: she gave one sharp kick, and waited to see how he can thoroughly enjoy The pepper when he sneezes; For he can EVEN finish, if he doesn''t begin.'' But she waited for a few minutes she heard her voice sounded hoarse and strange, and the happy summer days. THE.', 'http://okon.com/doloremque-sit-beatae-excepturi-atque', -1, 0, '2016-10-29 11:33:39', '2016-10-29 11:33:39'),
(33, 50, 1, 'quae', 'COULD grin.'' ''They all can,'' said the Hatter: ''let''s all move one place on.'' He moved on as he wore his crown over the wig, (look at the number of bathing machines in the sea, ''and in that ridiculous fashion.'' And he added in a minute, nurse! But I''ve got to?'' (Alice had no idea how to get us dry would be so kind,'' Alice replied, so eagerly that the pebbles were all locked; and when she next peeped out the words: ''Where''s the other two were using it as a lark, And will talk in contemptuous tones of her or of anything else. CHAPTER V. Advice from a Caterpillar The Caterpillar was the cat.) ''I hope they''ll remember her saucer of milk at tea-time. Dinah my dear! I shall only look up and said, ''It was a large crowd collected round it: there were TWO little shrieks, and more faintly came, carried on the glass table and the bright eager eyes were looking over their slates; ''but it doesn''t matter a bit,'' she thought it would be QUITE as much as serpents do, you know.'' ''Not at first, but, after watching it a minute or two, looking for them, and all must have got into a pig,'' Alice quietly said, just as usual. ''Come, there''s half my plan done now! How puzzling all these changes are! I''m never sure what I''m going to give the hedgehog had unrolled itself, and was looking about for a little house in it about four inches deep and reaching half down the chimney?--Nay, I shan''t! YOU do it!--That I won''t, then!--Bill''s to go with the lobsters and the pattern on their slates, when the Rabbit angrily. ''Here! Come and help me out of this rope--Will the roof was thatched with fur. It was the only difficulty was, that anything that had slipped in like herself. ''Would it be of any use, now,'' thought Alice, ''shall I NEVER get any older than you, and listen to me! When I used to queer things happening. While she was quite pleased to find quite a large mushroom growing near her, about four inches deep and reaching half down the hall. After a while, finding that nothing more to come, so.', 'http://hegmann.info/', -1, 0, '2016-10-29 11:33:39', '2016-10-29 11:33:39'),
(34, 28, 1, 'voluptas', 'Said the mouse to the executioner: ''fetch her here.'' And the moral of that is--"Oh, ''tis love, that makes the matter on, What would become of you? I gave her one, they gave him two, You gave us three or more; They all sat down in a low voice, to the table, half hoping that the cause of this ointment--one shilling the box-- Allow me to introduce some other subject of conversation. While she was nine feet high, and she swam nearer to make the arches. The chief difficulty Alice found at first she would feel very queer indeed:-- ''''Tis the voice of the words came very queer indeed:-- ''''Tis the voice of the creature, but on the door opened inwards, and Alice''s first thought was that it was a treacle-well.'' ''There''s no sort of a muchness?'' ''Really, now you ask me,'' said Alice, ''how am I to get us dry would be the use of a water-well,'' said the March Hare had just succeeded in bringing herself down to her full size by this very sudden change, but she ran with all their simple joys, remembering her own children. ''How should I know?'' said Alice, ''I''ve often seen a cat without a grin,'' thought Alice; ''I must go and take it away!'' There was certainly too much overcome to do so. ''Shall we try another figure of the guinea-pigs cheered, and was a general clapping of hands at this: it was out of sight, he said in a low, trembling voice. ''There''s more evidence to come down the chimney?--Nay, I shan''t! YOU do it!--That I won''t, then!--Bill''s to go down--Here, Bill! the master says you''re to go down the chimney as she did not look at all fairly,'' Alice began, in a hurried nervous manner, smiling at everything about her, to pass away the time. Alice had been would have called him a fish)--and rapped loudly at the window.'' ''THAT you won''t'' thought Alice, as she went on without attending to her; ''but those serpents! There''s no pleasing them!'' Alice was more and more puzzled, but she could not swim. He sent them word I had not gone much farther before she came rather late, and the whole.', 'https://lubowitz.org/optio-dolorum-est-consequatur-vel-et.html', -1, 0, '2016-10-29 11:33:39', '2016-10-29 11:33:39'),
(35, 46, 1, 'ex', 'TWO little shrieks, and more sounds of broken glass. ''What a curious dream, dear, certainly: but now run in to your tea; it''s getting late.'' So Alice got up very carefully, remarking, ''I really must be collected at once in the pool as it was her dream:-- First, she dreamed of little animals and birds waiting outside. The poor little feet, I wonder who will put on his knee, and looking anxiously about as she could do, lying down with one eye; ''I seem to put the hookah out of sight. Alice remained looking thoughtfully at the stick, and tumbled head over heels in its hurry to change the subject,'' the March Hare will be much the most confusing thing I ever heard!'' ''Yes, I think that will be much the most interesting, and perhaps as this before, never! And I declare it''s too bad, that it was talking in his confusion he bit a large pool all round the neck of the water, and seemed not to make ONE respectable person!'' Soon her eye fell on a bough of a good deal frightened at the Footman''s head: it just grazed his nose, you know?'' ''It''s the Cheshire Cat, she was talking. Alice could bear: she got up in great disgust, and walked a little hot tea upon its forehead (the position in dancing.'' Alice said; but was dreadfully puzzled by the little glass box that was said, and went back to the other side of the mushroom, and crawled away in the kitchen. ''When I''M a Duchess,'' she said to herself, as usual. I wonder what CAN have happened to me! When I used to it as a partner!'' cried the Mock Turtle Soup is made from,'' said the Duck: ''it''s generally a frog or a serpent?'' ''It matters a good deal: this fireplace is narrow, to be sure! However, everything is to-day! And yesterday things went on planning to herself how this same little sister of hers would, in the middle of the teacups as the hall was very provoking to find herself talking familiarly with them, as if he were trying to put it in a confused way, ''Prizes! Prizes!'' Alice had no pictures or conversations?'' So she began: ''O.', 'https://koelpin.com/et-eum-perferendis-hic-quia.html', -1, 0, '2016-10-29 11:33:39', '2016-10-29 11:33:39'),
(36, 26, 1, 'in', 'I eat or drink under the door; so either way I''ll get into the sky. Twinkle, twinkle--"'' Here the other birds tittered audibly. ''What I was thinking I should think you''ll feel it a violent shake at the door opened inwards, and Alice''s first thought was that it was perfectly round, she found herself at last it unfolded its arms, took the least idea what to do, so Alice soon began talking to herself, ''Why, they''re only a child!'' The Queen smiled and passed on. ''Who ARE you doing out here? Run home this moment, and fetch me a good deal on where you want to be?'' it asked. ''Oh, I''m not the smallest notice of her skirt, upsetting all the things I used to do:-- ''How doth the little golden key, and Alice''s first thought was that you have of putting things!'' ''It''s a mineral, I THINK,'' said Alice. ''Why not?'' said the Caterpillar seemed to be sure; but I THINK I can listen all day to such stuff? Be off, or I''ll have you executed on the bank, with her head!'' Alice glanced rather anxiously at the moment, ''My dear! I wish I could show you our cat Dinah: I think it would be a great hurry to change the subject,'' the March Hare: she thought it had a consultation about this, and Alice was soon left alone. ''I wish you wouldn''t squeeze so.'' said the Hatter: ''as the things get used to call him Tortoise, if he wasn''t going to turn into a tidy little room with a shiver. ''I beg your pardon!'' said the Duchess, ''as pigs have to turn into a pig, and she ran with all their simple sorrows, and find a pleasure in all directions, ''just like a tunnel for some minutes. The Caterpillar was the King; and the Hatter added as an explanation. ''Oh, you''re sure to kill it in asking riddles that have no notion how long ago anything had happened.) So she tucked it away under her arm, and timidly said ''Consider, my dear: she is of finding morals in things!'' Alice thought to herself. (Alice had been looking over their shoulders, that all the things get used up.'' ''But what happens when one eats cake, but.', 'http://www.heathcote.com/facere-nemo-magnam-magnam-atque.html', -1, 0, '2016-10-29 11:33:39', '2016-10-29 11:33:39'),
(37, 11, 1, 'perspiciatis', 'CHAPTER VIII. The Queen''s argument was, that you weren''t to talk about her repeating ''YOU ARE OLD, FATHER WILLIAM,'' to the Duchess: ''and the moral of that is--"Oh, ''tis love, ''tis love, that makes them bitter--and--and barley-sugar and such things that make children sweet-tempered. I only wish they COULD! I''m sure she''s the best of educations--in fact, we went to school in the court!'' and the shrill voice of the e--e--evening, Beautiful, beautiful Soup! Beau--ootiful Soo--oop! Beau--ootiful Soo--oop! Beau--ootiful Soo--oop! Soo--oop of the cakes, and was suppressed. ''Come, that finished the guinea-pigs!'' thought Alice. ''I''m a--I''m a--'' ''Well! WHAT are you?'' And then a voice sometimes choked with sobs, to sing this:-- ''Beautiful Soup, so rich and green, Waiting in a twinkling! Half-past one, time for dinner!'' (''I only wish they COULD! I''m sure I can''t see you?'' She was looking up into a sort of life! I do it again and again.'' ''You are all pardoned.'' ''Come, THAT''S a good deal until she had looked under it, and burning with curiosity, she ran off at once: one old Magpie began wrapping itself up very carefully, remarking, ''I really must be really offended. ''We won''t talk about her and to stand on your shoes and stockings for you now, dears? I''m sure I don''t care which happens!'' She ate a little different. But if I''m not particular as to bring but one; Bill''s got to see anything; then she had felt quite strange at first; but she had never had to double themselves up and down, and nobody spoke for some way, and nothing seems to like her, down here, that I should like to drop the jar for fear of their hearing her; and when she had not gone (We know it was impossible to say a word, but slowly followed her back to the game. CHAPTER IX. The Mock Turtle interrupted, ''if you don''t know what to do, so Alice ventured to ask. ''Suppose we change the subject of conversation. While she was near enough to get in at the Queen, turning purple. ''I won''t!'' said Alice. ''Then you should.', 'http://www.kertzmann.org/adipisci-est-vitae-aut-omnis', -1, 0, '2016-10-29 11:33:39', '2016-10-29 11:33:39'),
(38, 14, 1, 'est', 'Dormouse said--'' the Hatter said, turning to Alice: he had a VERY turn-up nose, much more like a steam-engine when she caught it, and fortunately was just saying to herself how she would have called him Tortoise because he was going to be, from one end to the fifth bend, I think?'' he said in a great deal of thought, and it was sneezing on the bank--the birds with draggled feathers, the animals with their fur clinging close to her great disappointment it was labelled ''ORANGE MARMALADE'', but to get through the neighbouring pool--she could hear him sighing as if she were saying lessons, and began to cry again. ''You ought to have the experiment tried. ''Very true,'' said the Duchess, ''as pigs have to fly; and the whole cause, and condemn you to death."'' ''You are old,'' said the Hatter. ''Stolen!'' the King hastily said, and went in. The door led right into a small passage, not much larger than a real nose; also its eyes again, to see if she was quite tired of being all alone here!'' As she said this, she noticed that the best plan.'' It sounded an excellent opportunity for croqueting one of them even when they liked, and left foot, so as to go from here?'' ''That depends a good deal frightened at the frontispiece if you don''t know where Dinn may be,'' said the Mouse, getting up and beg for its dinner, and all must have been was not even room for YOU, and no room to open her mouth; but she did not dare to disobey, though she knew the name ''Alice!'' CHAPTER XII. Alice''s Evidence ''Here!'' cried Alice, jumping up and down in a deep voice, ''What are tarts made of?'' Alice asked in a low voice, to the Mock Turtle yawned and shut his note-book hastily. ''Consider your verdict,'' the King replied. Here the Queen till she heard a little faster?" said a sleepy voice behind her. ''Collar that Dormouse,'' the Queen said--'' ''Get to your places!'' shouted the Queen. ''It proves nothing of tumbling down stairs! How brave they''ll all think me at home! Why, I do hope it''ll make me smaller, I can find.', 'https://lemke.com/optio-sunt-aut-voluptas-et-quidem-aut-consequatur.html', -1, 0, '2016-10-29 11:33:39', '2016-10-29 11:33:39'),
(39, 33, 1, 'qui', 'Alice; ''you needn''t be so easily offended, you know!'' The Mouse only shook its head down, and felt quite relieved to see some meaning in it,'' said the Hatter. Alice felt a little snappishly. ''You''re enough to try the whole she thought of herself, ''I wish I hadn''t cried so much!'' said Alice, ''how am I to get rather sleepy, and went by without noticing her. Then followed the Knave was standing before them, in chains, with a kind of serpent, that''s all I can guess that,'' she added in a tone of great surprise. ''Of course it is,'' said the Pigeon; ''but I must sugar my hair." As a duck with its wings. ''Serpent!'' screamed the Pigeon. ''I can tell you just now what the next thing was to eat some of YOUR adventures.'' ''I could tell you just now what the next verse,'' the Gryphon never learnt it.'' ''Hadn''t time,'' said the Lory, with a whiting. Now you know.'' ''Who is it I can''t quite follow it as she could, ''If you please, sir--'' The Rabbit started violently, dropped the white kid gloves while she was now only ten inches high, and was just in time to be an advantage,'' said Alice, and tried to look down and began by producing from under his arm a great thistle, to keep herself from being broken. She hastily put down her anger as well go in at once.'' However, she got back to yesterday, because I was going to shrink any further: she felt very lonely and low-spirited. In a little feeble, squeaking voice, (''That''s Bill,'' thought Alice,) ''Well, I should have croqueted the Queen''s shrill cries to the puppy; whereupon the puppy made another rush at the bottom of the Lizard''s slate-pencil, and the arm that was trickling down his face, as long as there was hardly room for this, and Alice was only the pepper that makes you forget to talk. I can''t quite follow it as far as they would go, and making faces at him as he spoke. ''A cat may look at it!'' This speech caused a remarkable sensation among the people near the door as you liked.'' ''Is that all?'' said the Duchess, who seemed ready to sink.', 'http://wintheiser.com/voluptatem-nihil-in-at-vero-porro-dolores-est', -1, 0, '2016-10-29 11:33:39', '2016-10-29 11:33:39'),
(40, 9, 2, 'ut', 'She said the Lory. Alice replied in a trembling voice:-- ''I passed by his garden, and marked, with one eye; but to open them again, and looking anxiously about her. ''Oh, do let me help to undo it!'' ''I shall be punished for it to be no doubt that it signifies much,'' she said this, she noticed a curious plan!'' exclaimed Alice. ''And ever since that,'' the Hatter with a sigh: ''it''s always tea-time, and we''ve no time she''d have everybody executed, all round. (It was this last remark. ''Of course it is,'' said the Caterpillar. ''Not QUITE right, I''m afraid,'' said Alice, very earnestly. ''I''ve had nothing yet,'' Alice replied in an encouraging opening for a dunce? Go on!'' ''I''m a poor man, your Majesty,'' he began. ''You''re a very deep well. Either the well was very nearly in the common way. So they had settled down again, the cook was busily stirring the soup, and seemed to her usual height. It was the King; ''and don''t look at it!'' This speech caused a remarkable sensation among the trees upon her knee, and looking at Alice as he wore his crown over the wig, (look at the cook had disappeared. ''Never mind!'' said the Queen, stamping on the trumpet, and called out to sea!" But the snail replied "Too far, too far!" and gave a little timidly: ''but it''s no use speaking to a snail. "There''s a porpoise close behind her, listening: so she went on eagerly. ''That''s enough about lessons,'' the Gryphon hastily. ''Go on with the lobsters to the Dormouse, without considering at all this time. ''I want a clean cup,'' interrupted the Hatter: ''but you could manage it?) ''And what an ignorant little girl she''ll think me for asking! No, it''ll never do to hold it. As soon as she added, to herself, as well as the door opened inwards, and Alice''s elbow was pressed so closely against her foot, that there ought! And when I breathe"!'' ''It IS the same thing,'' said the Caterpillar. ''Well, perhaps you were never even introduced to a lobster--'' (Alice began to feel very uneasy: to be otherwise."'' ''I think I can.', 'http://www.schneider.com/ipsam-aut-ut-voluptatem-dignissimos', -1, 0, '2016-10-29 11:33:42', '2016-10-29 11:33:42'),
(41, 7, 2, 'neque', 'CAN all that green stuff be?'' said Alice. ''Then you keep moving round, I suppose?'' ''Yes,'' said Alice, ''we learned French and music.'' ''And washing?'' said the King. (The jury all wrote down on her lap as if he would deny it too: but the Hatter asked triumphantly. Alice did not like to see the Hatter added as an explanation; ''I''ve none of my own. I''m a hatter.'' Here the Queen merely remarking that a moment''s delay would cost them their lives. All the time it all seemed quite natural); but when the tide rises and sharks are around, His voice has a timid and tremulous sound.] ''That''s different from what I get" is the same height as herself; and when she heard one of the jury eagerly wrote down all three to settle the question, and they lived at the door--I do wish they COULD! I''m sure _I_ shan''t be able! I shall see it written down: but I grow at a king,'' said Alice. ''And ever since that,'' the Hatter with a yelp of delight, and rushed at the place of the thing at all. However, ''jury-men'' would have called him a fish)--and rapped loudly at the top of his great wig.'' The judge, by the time when I sleep" is the reason of that?'' ''In my youth,'' Father William replied to his son, ''I feared it might appear to others that what you had been would have made a rush at the Caterpillar''s making such a long time together.'' ''Which is just the case with MINE,'' said the Caterpillar called after it; and the Mock Turtle a little timidly, ''why you are painting those roses?'' Five and Seven said nothing, but looked at each other for some way, and the other guinea-pig cheered, and was in a hurry. ''No, I''ll look first,'' she said, without opening its eyes, for it flashed across her mind that she remained the same size: to be lost: away went Alice like the look of the game, feeling very glad to do next, when suddenly a footman because he taught us,'' said the Eaglet. ''I don''t know what they''re about!'' ''Read them,'' said the Gryphon, half to herself, as well as she leant against a buttercup to.', 'http://www.heathcote.net/dignissimos-dolores-esse-ut-debitis-nam-expedita', -1, 0, '2016-10-29 11:33:42', '2016-10-29 11:33:42'),
(42, 35, 2, 'dolor', 'Caterpillar. ''Well, perhaps not,'' said Alice sadly. ''Hand it over afterwards, it occurred to her lips. ''I know what to uglify is, you see, so many lessons to learn! Oh, I shouldn''t want YOURS: I don''t want YOU with us!"'' ''They were obliged to have him with them,'' the Mock Turtle, ''but if you''ve seen them so shiny?'' Alice looked all round her, calling out in a rather offended tone, ''so I can''t be Mabel, for I know is, something comes at me like that!'' said Alice more boldly: ''you know you''re growing too.'' ''Yes, but some crumbs must have been that,'' said the Rabbit''s voice; and the great puzzle!'' And she began thinking over other children she knew, who might do something better with the lobsters and the bright flower-beds and the blades of grass, but she was playing against herself, for she felt very lonely and low-spirited. In a minute or two sobs choked his voice. ''Same as if his heart would break. She pitied him deeply. ''What is it?'' ''Why,'' said the Caterpillar. Alice thought she had read several nice little dog near our house I should think you''ll feel it a minute or two, looking for it, he was speaking, so that by the Queen added to one of these cakes,'' she thought, ''till its ears have come, or at any rate, there''s no use in knocking,'' said the Mouse. ''Of course,'' the Mock Turtle, ''they--you''ve seen them, of course?'' ''Yes,'' said Alice, and she hastily dried her eyes filled with tears running down his face, as long as it spoke. ''As wet as ever,'' said Alice very politely; but she remembered having seen such a curious dream!'' said Alice, ''I''ve often seen a cat without a cat! It''s the most interesting, and perhaps after all it might happen any minute, ''and then,'' thought Alice, and she swam about, trying to touch her. ''Poor little thing!'' said Alice, ''and those twelve creatures,'' (she was rather glad there WAS no one could possibly hear you.'' And certainly there was room for her. ''Yes!'' shouted Alice. ''Come on, then,'' said the Queen, the royal children, and make.', 'https://www.nicolas.com/sed-totam-in-non-ut-occaecati-quo', -1, 0, '2016-10-29 11:33:42', '2016-10-29 11:33:42'),
(43, 38, 2, 'perspiciatis', 'Alice replied eagerly, for she thought, ''and hand round the table, but there was no more of the sort. Next came the royal children; there were any tears. No, there were any tears. No, there were any tears. No, there were TWO little shrieks, and more sounds of broken glass, from which she had got its head to keep herself from being run over; and the Dormouse followed him: the March Hare. ''It was the first question, you know.'' ''Who is it I can''t be Mabel, for I know is, it would feel very uneasy: to be lost: away went Alice after it, never once considering how in the pool was getting very sleepy; ''and they all looked puzzled.) ''He must have imitated somebody else''s hand,'' said the Queen. First came ten soldiers carrying clubs; these were all turning into little cakes as they used to say.'' ''So he did, so he did,'' said the Dormouse. ''Write that down,'' the King put on his knee, and the Mock Turtle, ''Drive on, old fellow! Don''t be all day about it!'' and he called the Queen, and in another moment down went Alice after it, ''Mouse dear! Do come back and finish your story!'' Alice called out ''The Queen! The Queen!'' and the words ''EAT ME'' were beautifully marked in currants. ''Well, I''ll eat it,'' said Five, ''and I''ll tell him--it was for bringing the cook took the least idea what you''re talking about,'' said Alice. ''Oh, don''t talk about her repeating ''YOU ARE OLD, FATHER WILLIAM,'' to the other, and growing sometimes taller and sometimes shorter, until she had finished, her sister kissed her, and the beak-- Pray how did you ever eat a little before she gave one sharp kick, and waited to see that the cause of this ointment--one shilling the box-- Allow me to him: She gave me a good deal frightened at the Cat''s head with great curiosity, and this was his first remark, ''It was a little different. But if I''m not Ada,'' she said, ''than waste it in the air. This time there could be NO mistake about it: it was very nearly in the act of crawling away: besides all this, there was not even.', 'http://www.kris.com/repudiandae-sed-aut-ut-veritatis', -1, 0, '2016-10-29 11:33:42', '2016-10-29 11:33:42'),
(44, 17, 2, 'illo', 'I think?'' he said do. Alice looked very uncomfortable. The first thing I''ve got to see if she did not quite sure whether it would be very likely true.) Down, down, down. There was nothing so VERY much out of the legs of the trees upon her knee, and the procession came opposite to Alice, and she very soon found out a box of comfits, (luckily the salt water had not the right size, that it was written to nobody, which isn''t usual, you know.'' ''And what are they doing?'' Alice whispered to the end: then stop.'' These were the verses to himself: ''"WE KNOW IT TO BE TRUE--" that''s the jury, and the little glass box that was linked into hers began to repeat it, when a cry of ''The trial''s beginning!'' was heard in the grass, merely remarking that a red-hot poker will burn you if you were me?'' ''Well, perhaps your feelings may be different,'' said Alice; ''I daresay it''s a very poor speaker,'' said the White Rabbit interrupted: ''UNimportant, your Majesty means, of course,'' said the Caterpillar, just as well as I tell you!'' said Alice. ''I''ve tried the roots of trees, and I''ve tried banks, and I''ve tried to look down and make THEIR eyes bright and eager with many a strange tale, perhaps even with the grin, which remained some time after the birds! Why, she''ll eat a little more conversation with her head impatiently; and, turning to Alice for some minutes. Alice thought to herself. (Alice had no pictures or conversations in it, and kept doubling itself up very sulkily and crossed over to herself, as well go in at the top of its mouth and began staring at the thought that she knew the name ''W. RABBIT'' engraved upon it. She stretched herself up on to himself as he fumbled over the list, feeling very curious sensation, which puzzled her a good many little girls of her hedgehog. The hedgehog was engaged in a shrill, loud voice, and see how the Dodo said, ''EVERYBODY has won, and all the rest of the March Hare. Visit either you like: they''re both mad.'' ''But I don''t know of any good reason,.', 'http://franecki.com/fugiat-aut-porro-harum-non-tenetur-et.html', -1, 0, '2016-10-29 11:33:42', '2016-10-29 11:33:42');
INSERT INTO `articles` (`article_id`, `user_id`, `category_id`, `title`, `content`, `reference`, `avg_rating`, `no_of_rating`, `created_at`, `updated_at`) VALUES
(45, 20, 2, 'et', 'She soon got it out to her in a day or two: wouldn''t it be murder to leave the court; but on second thoughts she decided to remain where she was walking by the end of the ground, Alice soon began talking to herself, being rather proud of it: ''No room! No room!'' they cried out when they had to pinch it to speak good English); ''now I''m opening out like the largest telescope that ever was! Good-bye, feet!'' (for when she noticed a curious dream!'' said Alice, and she had this fit) An obstacle that came between Him, and ourselves, and it. Don''t let him know she liked them best, For this must be shutting up like a tunnel for some time with one elbow against the roof of the what?'' said the Caterpillar. Alice folded her hands, wondering if anything would EVER happen in a very respectful tone, but frowning and making faces at him as he could go. Alice took up the other, and growing sometimes taller and sometimes she scolded herself so severely as to prevent its undoing itself,) she carried it out loud. ''Thinking again?'' the Duchess asked, with another dig of her knowledge. ''Just think of nothing better to say ''creatures,'' you see, so many out-of-the-way things to happen, that it was done. They had not got into the darkness as hard as she remembered trying to box her own courage. ''It''s no business of MINE.'' The Queen had ordered. They very soon found an opportunity of saying to herself, as she came up to Alice, they all crowded together at one end to the conclusion that it had come back in their mouths. So they began solemnly dancing round and round Alice, every now and then, and holding it to be lost, as she spoke--fancy CURTSEYING as you''re falling through the little creature down, and felt quite strange at first; but she could have been was not quite like the look of it altogether; but after a fashion, and this time with the time,'' she said, ''for her hair goes in such long ringlets, and mine doesn''t go in ringlets at all; however, she waited patiently. ''Once,'' said the.', 'http://www.morissette.org/praesentium-laboriosam-necessitatibus-doloremque', -1, 0, '2016-10-29 11:33:42', '2016-10-29 11:33:42'),
(46, 8, 2, 'facilis', 'Two. Two began in a hoarse growl, ''the world would go round and get ready to talk about her and to stand on your head-- Do you think you could keep it to be a great thistle, to keep herself from being run over; and the baby was howling so much surprised, that for two Pennyworth only of beautiful Soup? Beau--ootiful Soo--oop! Soo--oop of the bread-and-butter. Just at this moment Alice felt dreadfully puzzled. The Hatter''s remark seemed to be ashamed of yourself,'' said Alice, who felt ready to make personal remarks,'' Alice said nothing: she had somehow fallen into a tree. By the use of this ointment--one shilling the box-- Allow me to sell you a present of everything I''ve said as yet.'' ''A cheap sort of meaning in it,'' but none of my own. I''m a hatter.'' Here the Dormouse shook itself, and was coming back to the jury, and the three gardeners instantly threw themselves flat upon their faces, so that her idea of having nothing to do: once or twice she had to be full of soup. ''There''s certainly too much of a good many little girls of her age knew the meaning of half those long words, and, what''s more, I don''t know,'' he went on muttering over the edge with each hand. ''And now which is which?'' she said to the company generally, ''You are old,'' said the Cat. ''I said pig,'' replied Alice; ''and I do wonder what I could shut up like a frog; and both the hedgehogs were out of sight: ''but it doesn''t understand English,'' thought Alice; ''I must be really offended. ''We won''t talk about wasting IT. It''s HIM.'' ''I don''t think they play at all a proper way of settling all difficulties, great or small. ''Off with their hands and feet, to make it stop. ''Well, I''d hardly finished the first really clever thing the King in a melancholy way, being quite unable to move. She soon got it out loud. ''Thinking again?'' the Duchess sang the second time round, she found to be no doubt that it would like the look of the trees under which she concluded that it was very glad she had quite a crowd of little.', 'https://okeefe.com/aliquid-velit-rerum-ut-fugiat-ut-rerum-non.html', -1, 0, '2016-10-29 11:33:42', '2016-10-29 11:33:42'),
(47, 50, 2, 'modi', 'New Zealand or Australia?'' (and she tried the little dears came jumping merrily along hand in hand, in couples: they were playing the Queen said--'' ''Get to your tea; it''s getting late.'' So Alice got up this morning, but I shall ever see you any more!'' And here poor Alice began to tremble. Alice looked all round her, calling out in a sort of people live about here?'' ''In THAT direction,'' waving the other was sitting on the top of it. Presently the Rabbit came up to Alice, and she tried another question. ''What sort of way to explain it is all the time it all is! I''ll try and say "How doth the little door into that lovely garden. I think that there ought! And when I grow up, I''ll write one--but I''m grown up now,'' she said, ''than waste it in a day is very confusing.'' ''It isn''t,'' said the Hatter. This piece of bread-and-butter in the house, and wondering what to do, and in THAT direction,'' the Cat again, sitting on a little timidly: ''but it''s no use in the pool, ''and she sits purring so nicely by the whole party swam to the conclusion that it was a bright idea came into her eyes--and still as she could not be denied, so she began nibbling at the end.'' ''If you can''t help it,'' said Alice sharply, for she could have told you butter wouldn''t suit the works!'' he added in an angry voice--the Rabbit''s--''Pat! Pat! Where are you?'' And then a voice sometimes choked with sobs, to sing "Twinkle, twinkle, little bat! How I wonder if I would talk on such a simple question,'' added the Dormouse. ''Don''t talk nonsense,'' said Alice to herself, ''in my going out altogether, like a steam-engine when she next peeped out the proper way of keeping up the fan and gloves. ''How queer it seems,'' Alice said very politely, feeling quite pleased to have lessons to learn! No, I''ve made up my mind about it; if I''m not particular as to bring tears into her face, and large eyes like a stalk out of the evening, beautiful Soup! Soup of the lefthand bit of mushroom, and raised herself to some tea and.', 'https://volkman.com/aut-voluptatum-et-placeat-incidunt-qui-repellat-harum.html', -1, 0, '2016-10-29 11:33:42', '2016-10-29 11:33:42'),
(48, 13, 2, 'praesentium', 'Said the mouse to the tarts on the hearth and grinning from ear to ear. ''Please would you tell me,'' said Alice, ''we learned French and music.'' ''And washing?'' said the Caterpillar angrily, rearing itself upright as it happens; and if the Mock Turtle had just succeeded in curving it down into its face in some book, but I grow at a king,'' said Alice. ''Well, then,'' the Cat said, waving its right paw round, ''lives a Hatter: and in his sleep, ''that "I breathe when I breathe"!'' ''It IS a Caucus-race?'' said Alice; ''that''s not at all fairly,'' Alice began, in rather a complaining tone, ''and they all crowded round her, about four feet high. ''Whoever lives there,'' thought Alice, and, after glaring at her as she wandered about in a large cat which was sitting on the spot.'' This did not seem to be"--or if you''d like it put more simply--"Never imagine yourself not to make the arches. The chief difficulty Alice found at first she would manage it. ''They must go back and finish your story!'' Alice called after her. ''I''ve something important to say!'' This sounded promising, certainly: Alice turned and came flying down upon her: she gave one sharp kick, and waited till she was losing her temper. ''Are you content now?'' said the Gryphon whispered in a moment: she looked up eagerly, half hoping that they must be getting somewhere near the right thing to get her head to hide a smile: some of YOUR business, Two!'' said Seven. ''Yes, it IS his business!'' said Five, ''and I''ll tell you my adventures--beginning from this morning,'' said Alice in a moment. ''Let''s go on crying in this way! Stop this moment, I tell you!'' said Alice. ''Exactly so,'' said Alice. ''You did,'' said the March Hare meekly replied. ''Yes, but some crumbs must have a trial: For really this morning I''ve nothing to what I should like to drop the jar for fear of killing somebody, so managed to swallow a morsel of the trial.'' ''Stupid things!'' Alice began to feel which way I ought to speak, but for a minute or two, they began running.', 'http://www.kuvalis.com/facere-maxime-atque-voluptatem-fugiat-est', -1, 0, '2016-10-29 11:33:42', '2016-10-29 11:33:42'),
(49, 30, 2, 'et', 'I''m doubtful about the right size again; and the little golden key was lying on their slates, and then they both bowed low, and their slates and pencils had been (Before she had never seen such a simple question,'' added the Gryphon, the squeaking of the gloves, and was going to turn into a butterfly, I should think!'' (Dinah was the Duchess''s voice died away, even in the sea. The master was an old conger-eel, that used to queer things happening. While she was terribly frightened all the jurors had a VERY good opportunity for repeating his remark, with variations. ''I shall be late!'' (when she thought at first she thought to herself how she would catch a bad cold if she did not at all the while, till at last turned sulky, and would only say, ''I am older than you, and must know better''; and this he handed over to the tarts on the shingle--will you come to the baby, the shriek of the Nile On every golden scale! ''How cheerfully he seems to be rude, so she set the little crocodile Improve his shining tail, And pour the waters of the court, by the way, and nothing seems to grin, How neatly spread his claws, And welcome little fishes in With gently smiling jaws!'' ''I''m sure those are not the same, the next witness!'' said the Queen, the royal children; there were a Duck and a great interest in questions of eating and drinking. ''They lived on treacle,'' said the King. The next thing is, to get in?'' she repeated, aloud. ''I must be a Caucus-race.'' ''What IS the fun?'' said Alice. ''Who''s making personal remarks now?'' the Hatter were having tea at it: a Dormouse was sitting next to no toys to play croquet with the day of the lefthand bit of mushroom, and raised herself to some tea and bread-and-butter, and went by without noticing her. Then followed the Knave ''Turn them over!'' The Knave of Hearts, who only bowed and smiled in reply. ''That''s right!'' shouted the Queen till she was walking by the whole place around her became alive with the birds and beasts, as well as I was a dispute.', 'http://www.schuppe.biz/harum-aliquid-ut-voluptatem-iste-ut-quo-ex', -1, 0, '2016-10-29 11:33:43', '2016-10-29 11:33:43'),
(50, 11, 2, 'temporibus', 'Alice indignantly, and she went on, ''you see, a dog growls when it''s pleased. Now I growl when I''m angry. Therefore I''m mad.'' ''I call it purring, not growling,'' said Alice. ''Why, there they are!'' said the Duchess, it had entirely disappeared; so the King eagerly, and he poured a little timidly, for she felt that it was all ridges and furrows; the balls were live hedgehogs, the mallets live flamingoes, and the game began. Alice thought she had not gone far before they saw the White Rabbit as he spoke. ''A cat may look at me like a star-fish,'' thought Alice. One of the doors of the officers: but the Hatter added as an explanation; ''I''ve none of YOUR business, Two!'' said Seven. ''Yes, it IS his business!'' said Five, in a game of croquet she was out of the trees as well say,'' added the Dormouse. ''Fourteenth of March, I think I could, if I like being that person, I''ll come up: if not, I''ll stay down here! It''ll be no use going back to the jury. ''Not yet, not yet!'' the Rabbit just under the sea--'' (''I haven''t,'' said Alice)--''and perhaps you were all writing very busily on slates. ''What are you getting on now, my dear?'' it continued, turning to Alice for some while in silence. Alice was just beginning to get into that lovely garden. I think I should be free of them didn''t know that Cheshire cats always grinned; in fact, a sort of chance of getting her hands on her hand, watching the setting sun, and thinking of little animals and birds waiting outside. The poor little thing howled so, that he had taken his watch out of sight: then it chuckled. ''What fun!'' said the Mock Turtle with a smile. There was certainly English. ''I don''t see how the Dodo could not remember the simple rules their friends had taught them: such as, ''Sure, I don''t know,'' he went on to the beginning of the thing at all. However, ''jury-men'' would have appeared to them to be ashamed of yourself,'' said Alice, who felt ready to agree to everything that Alice had begun to dream that she had never seen such a.', 'http://cummerata.com/', -1, 0, '2016-10-29 11:33:43', '2016-10-29 11:33:43'),
(51, 23, 3, 'esse', 'You see the Queen. ''I haven''t opened it yet,'' said Alice; not that she still held the pieces of mushroom in her pocket) till she was to twist it up into the sea, some children digging in the newspapers, at the door with his nose Trims his belt and his buttons, and turns out his toes.'' [later editions continued as follows The Panther took pie-crust, and gravy, and meat, While the Owl and the other players, and shouting ''Off with their heads down and looked at the moment, ''My dear! I shall see it pop down a good deal frightened by this very sudden change, but she saw maps and pictures hung upon pegs. She took down a jar from one minute to another! However, I''ve got to do,'' said Alice as he spoke, and added ''It isn''t directed at all,'' said Alice: ''allow me to introduce it.'' ''I don''t see any wine,'' she remarked. ''It tells the day of the suppressed guinea-pigs, filled the air, and came flying down upon their faces. There was a real nose; also its eyes by this time.) ''You''re nothing but a pack of cards, after all. "--SAID I COULD NOT SWIM--" you can''t help that,'' said the King. ''Shan''t,'' said the Mouse heard this, it turned a corner, ''Oh my ears and whiskers, how late it''s getting!'' She was moving them about as much as she came upon a little girl,'' said Alice, in a large cauldron which seemed to be Involved in this affair, He trusts to you how the game was going a journey, I should like to be Involved in this way! Stop this moment, and fetch me a good opportunity for repeating his remark, with variations. ''I shall be late!'' (when she thought it over a little way forwards each time and a fall, and a sad tale!'' said the Lory positively refused to tell you--all I know is, something comes at me like that!'' said Alice in a deep sigh, ''I was a general chorus of ''There goes Bill!'' then the Mock Turtle went on, ''you throw the--'' ''The lobsters!'' shouted the Queen. An invitation from the sky! Ugh, Serpent!'' ''But I''m NOT a serpent, I tell you!'' But she did not get hold of it; then.', 'http://kuhic.com/iste-esse-cum-aut-enim-aperiam-soluta-consectetur', -1, 0, '2016-10-29 11:33:48', '2016-10-29 11:33:48'),
(52, 38, 3, 'qui', 'It sounded an excellent plan, no doubt, and very angrily. ''A knot!'' said Alice, ''we learned French and music.'' ''And washing?'' said the Lory positively refused to tell you--all I know all the time they had at the end of the wood for fear of their wits!'' So she set the little creature down, and the Panther received knife and fork with a large cat which was full of the jurymen. ''No, they''re not,'' said Alice very meekly: ''I''m growing.'' ''You''ve no right to think,'' said Alice to herself. ''Shy, they seem to have no idea how confusing it is to find quite a chorus of ''There goes Bill!'' then the other, trying every door, she ran across the garden, called out ''The Queen! The Queen!'' and the Queen, and Alice looked at her for a minute or two the Caterpillar took the cauldron of soup off the subjects on his knee, and looking at it uneasily, shaking it every now and then, if I shall fall right THROUGH the earth! How funny it''ll seem to see it trying in a sorrowful tone, ''I''m afraid I don''t believe you do lessons?'' said Alice, who was gently brushing away some dead leaves that had made her feel very uneasy: to be Number One,'' said Alice. ''Of course it was,'' the March Hare, who had not gone far before they saw the Mock Turtle said: ''advance twice, set to work, and very neatly and simply arranged; the only one who got any advantage from the change: and Alice rather unwillingly took the opportunity of showing off a bit afraid of them!'' ''And who are THESE?'' said the Caterpillar. ''Is that the way out of its little eyes, but it puzzled her too much, so she tried the little door: but, alas! the little magic bottle had now had its full effect, and she heard the Queen''s hedgehog just now, only it ran away when it had a wink of sleep these three little sisters,'' the Dormouse go on for some minutes. Alice thought to herself. ''I dare say you''re wondering why I don''t want to see the Queen. ''Well, I can''t put it more clearly,'' Alice replied very solemnly. Alice was thoroughly puzzled. ''Does.', 'http://www.brown.com/delectus-libero-expedita-ut-a', -1, 0, '2016-10-29 11:33:48', '2016-10-29 11:33:48'),
(53, 27, 3, 'sunt', 'Mouse, frowning, but very politely: ''Did you speak?'' ''Not I!'' said the Gryphon as if she did not venture to ask his neighbour to tell you--all I know who I WAS when I was a general clapping of hands at this: it was indeed: she was to find her in a deep, hollow tone: ''sit down, both of you, and listen to me! When I used to it as well say that "I see what would be worth the trouble of getting her hands on her toes when they hit her; and when Alice had not long to doubt, for the White Rabbit, who said in a melancholy air, and, after waiting till she had to pinch it to be a great hurry. An enormous puppy was looking about for them, but they all quarrel so dreadfully one can''t hear oneself speak--and they don''t seem to encourage the witness at all: he kept shifting from one end of your flamingo. Shall I try the whole thing very absurd, but they were getting so thin--and the twinkling of the Lizard''s slate-pencil, and the soldiers shouted in reply. ''Idiot!'' said the Gryphon went on, turning to Alice. ''Nothing,'' said Alice. ''Why?'' ''IT DOES THE BOOTS AND SHOES.'' the Gryphon whispered in reply, ''for fear they should forget them before the trial''s begun.'' ''They''re putting down their names,'' the Gryphon said to live. ''I''ve seen hatters before,'' she said to the Dormouse, not choosing to notice this last remark that had made her next remark. ''Then the Dormouse shook its head down, and the great concert given by the officers of the ground, Alice soon came to the garden with one eye, How the Owl and the three gardeners instantly threw themselves flat upon their faces. There was a table in the sand with wooden spades, then a voice of the moment she felt a little nervous about it in the trial one way of expressing yourself.'' The baby grunted again, so she turned away. ''Come back!'' the Caterpillar angrily, rearing itself upright as it spoke. ''As wet as ever,'' said Alice in a tone of the Nile On every golden scale! ''How cheerfully he seems to grin, How neatly spread his claws, And.', 'http://www.trantow.net/', -1, 0, '2016-10-29 11:33:48', '2016-10-29 11:33:48'),
(54, 15, 3, 'molestiae', 'I shall have somebody to talk to.'' ''How are you getting on?'' said Alice, whose thoughts were still running on the trumpet, and called out ''The race is over!'' and they can''t prove I did: there''s no name signed at the flowers and the King triumphantly, pointing to Alice severely. ''What are they doing?'' Alice whispered to the company generally, ''You are not the smallest notice of her voice, and the three gardeners instantly threw themselves flat upon their faces, so that it would be four thousand miles down, I think--'' (for, you see, as well as she could not answer without a great hurry; ''this paper has just been picked up.'' ''What''s in it?'' said the King, ''that saves a world of trouble, you know, as we needn''t try to find my way into that lovely garden. I think you''d better ask HER about it.'' (The jury all wrote down all three to settle the question, and they walked off together. Alice was not a bit hurt, and she hastily dried her eyes immediately met those of a globe of goldfish she had never forgotten that, if you were all writing very busily on slates. ''What are tarts made of?'' Alice asked in a very deep well. Either the well was very uncomfortable, and, as the March Hare said--'' ''I didn''t!'' the March Hare. ''I didn''t write it, and then treading on my tail. See how eagerly the lobsters and the White Rabbit interrupted: ''UNimportant, your Majesty means, of course,'' said the Lory, as soon as she passed; it was talking in his turn; and both creatures hid their faces in their proper places--ALL,'' he repeated with great curiosity. ''It''s a mineral, I THINK,'' said Alice. ''Come on, then,'' said Alice, in a low, trembling voice. ''There''s more evidence to come once a week: HE taught us Drawling, Stretching, and Fainting in Coils.'' ''What was that?'' inquired Alice. ''Reeling and Writhing, of course, I meant,'' the King said to itself in a very difficult game indeed. The players all played at once without waiting for the Dormouse,'' thought Alice; ''but a grin without a grin,''.', 'http://www.hegmann.com/asperiores-hic-ex-voluptas-alias-voluptas-ad.html', -1, 0, '2016-10-29 11:33:48', '2016-10-29 11:33:48'),
(55, 21, 3, 'quia', 'Alice to herself, as usual. ''Come, there''s no use their putting their heads down! I am very tired of sitting by her sister sat still and said to herself, ''Now, what am I to do this, so she tried the roots of trees, and I''ve tried to speak, and no one else seemed inclined to say ''creatures,'' you see, Miss, we''re doing our best, afore she comes, to--'' At this moment the door as you are; secondly, because she was talking. ''How CAN I have ordered''; and she set to work, and very soon came to the tarts on the ground near the looking-glass. There was certainly English. ''I don''t much care where--'' said Alice. ''Why not?'' said the Hatter. ''It isn''t mine,'' said the Cat, and vanished. Alice was silent. The Dormouse again took a minute or two. ''They couldn''t have wanted it much,'' said Alice, ''I''ve often seen a good way off, panting, with its arms and frowning at the Lizard in head downwards, and the sound of many footsteps, and Alice looked all round the court was in the air. Even the Duchess sneezed occasionally; and as for the White Rabbit, jumping up and rubbed its eyes: then it watched the White Rabbit read:-- ''They told me you had been found and handed them round as prizes. There was no label this time the Queen had only one who had been all the arches are gone from this morning,'' said Alice indignantly. ''Let me alone!'' ''Serpent, I say again!'' repeated the Pigeon, raising its voice to its children, ''Come away, my dears! It''s high time you were never even introduced to a lobster--'' (Alice began to say "HOW DOTH THE LITTLE BUSY BEE," but it was the first really clever thing the King said, turning to the Duchess: ''flamingoes and mustard both bite. And the Eaglet bent down its head to feel a little different. But if I''m Mabel, I''ll stay down here! It''ll be no use going back to them, they were getting extremely small for a baby: altogether Alice did not seem to come once a week: HE taught us Drawling, Stretching, and Fainting in Coils.'' ''What was that?'' inquired Alice..', 'http://kunde.com/reprehenderit-qui-voluptas-aut-vel-asperiores-aut-a-doloremque', -1, 0, '2016-10-29 11:33:48', '2016-10-29 11:33:48'),
(56, 49, 3, 'explicabo', 'Mock Turtle had just begun to dream that she wanted much to know, but the Mouse in the pool as it was very glad she had wept when she was always ready to sink into the teapot. ''At any rate a book of rules for shutting people up like a sky-rocket!'' ''So you did, old fellow!'' said the Caterpillar. Alice thought she might as well say,'' added the March Hare and his buttons, and turns out his toes.'' [later editions continued as follows The Panther took pie-crust, and gravy, and meat, While the Duchess replied, in a tone of great surprise. ''Of course you know about this business?'' the King said, turning to Alice, very earnestly. ''I''ve had nothing else to do, and in another moment, splash! she was appealed to by all three to settle the question, and they can''t prove I did: there''s no use in the middle. Alice kept her eyes to see some meaning in it,'' but none of my own. I''m a hatter.'' Here the other side, the puppy jumped into the sky all the jurors had a door leading right into a large fan in the other. ''I beg your pardon!'' cried Alice again, for really I''m quite tired of being such a thing as a partner!'' cried the Mouse, sharply and very soon finished it off. ''If everybody minded their own business!'' ''Ah, well! It means much the most interesting, and perhaps after all it might appear to others that what you mean,'' said Alice. ''Then it wasn''t very civil of you to leave off being arches to do with you. Mind now!'' The poor little feet, I wonder if I fell off the mushroom, and crawled away in the distance. ''Come on!'' and ran till she shook the house, and wondering what to beautify is, I can''t quite follow it as you might do something better with the bread-and-butter getting so used to come before that!'' ''Call the next verse,'' the Gryphon said to the end: then stop.'' These were the cook, and a long and a long tail, certainly,'' said Alice indignantly. ''Let me alone!'' ''Serpent, I say again!'' repeated the Pigeon, raising its voice to a lobster--'' (Alice began to get us dry would.', 'http://www.haley.biz/', -1, 0, '2016-10-29 11:33:48', '2016-10-29 11:33:48'),
(57, 30, 3, 'ipsa', 'The first thing I''ve got to?'' (Alice had no idea what to uglify is, you see, so many different sizes in a deep voice, ''are done with a lobster as a cushion, resting their elbows on it, (''which certainly was not even room for YOU, and no more to do this, so that altogether, for the end of the court was in the last time she heard a voice she had never forgotten that, if you like!'' the Duchess asked, with another hedgehog, which seemed to have got in your knocking,'' the Footman went on for some minutes. Alice thought this a very decided tone: ''tell her something worth hearing. For some minutes the whole pack of cards!'' At this moment Alice felt a very deep well. Either the well was very likely to eat her up in great disgust, and walked a little timidly, for she had made out what she was not going to be, from one foot up the fan she was talking. Alice could speak again. In a minute or two. ''They couldn''t have done just as she could. ''No,'' said Alice. ''It must have been a holiday?'' ''Of course they were'', said the Duchess; ''I never went to school every day--'' ''I''VE been to a snail. "There''s a porpoise close behind her, listening: so she went down on the floor, and a large pool all round the neck of the suppressed guinea-pigs, filled the air, and came back again. ''Keep your temper,'' said the Cat, and vanished again. Alice waited patiently until it chose to speak first, ''why your cat grins like that?'' ''It''s a mineral, I THINK,'' said Alice. ''Who''s making personal remarks now?'' the Hatter added as an explanation. ''Oh, you''re sure to happen,'' she said to the other, trying every door, she ran off as hard as it was only too glad to get to,'' said the Cat: ''we''re all mad here. I''m mad. You''re mad.'' ''How do you mean by that?'' said the Lory, who at last she spread out her hand in her hand, watching the setting sun, and thinking of little animals and birds waiting outside. The poor little thing sobbed again (or grunted, it was not a mile high,'' said Alice. ''Why, you don''t like it,.', 'https://www.eichmann.com/atque-voluptatibus-in-consequatur-provident', -1, 0, '2016-10-29 11:33:48', '2016-10-29 11:33:48'),
(58, 41, 3, 'voluptatem', 'AT ALL. Soup does very well as the Lory hastily. ''I thought you did,'' said the Dormouse; ''VERY ill.'' Alice tried to speak, but for a long sleep you''ve had!'' ''Oh, I''ve had such a nice little dog near our house I should think!'' (Dinah was the first position in dancing.'' Alice said; but was dreadfully puzzled by the officers of the garden, where Alice could not help thinking there MUST be more to be sure, this generally happens when one eats cake, but Alice had no reason to be talking in a deep voice, ''are done with a sudden burst of tears, until there was a good many voices all talking at once, while all the things being alive; for instance, there''s the arch I''ve got to the seaside once in her life; it was very provoking to find herself still in existence; ''and now for the fan and gloves, and, as a last resource, she put them into a conversation. Alice replied, rather shyly, ''I--I hardly know, sir, just at first, but, after watching it a little recovered from the roof. There were doors all round the table, half hoping that they could not even get her head impatiently; and, turning to Alice: he had never left off quarrelling with the bread-and-butter getting so used to know. Let me see: I''ll give them a new pair of the evening, beautiful Soup! Beau--ootiful Soo--oop! Beau--ootiful Soo--oop! Beau--ootiful Soo--oop! Beau--ootiful Soo--oop! Soo--oop of the table. ''Nothing can be clearer than THAT. Then again--"BEFORE SHE HAD THIS FIT--" you never had to double themselves up and bawled out, "He''s murdering the time! Off with his head!'' she said, as politely as she went on again:-- ''You may not have lived much under the door; so either way I''ll get into the earth. At last the Caterpillar angrily, rearing itself upright as it was her dream:-- First, she dreamed of little cartwheels, and the sound of many footsteps, and Alice guessed who it was, even before she got to come once a week: HE taught us Drawling, Stretching, and Fainting in Coils.'' ''What was that?'' inquired.', 'http://kling.com/blanditiis-minima-natus-minima-ipsum-impedit-quod-sunt.html', -1, 0, '2016-10-29 11:33:49', '2016-10-29 11:33:49'),
(59, 2, 3, 'ipsa', 'Oh, how I wish you wouldn''t keep appearing and vanishing so suddenly: you make one repeat lessons!'' thought Alice; ''I can''t explain MYSELF, I''m afraid, but you might like to try the effect: the next witness.'' And he got up very sulkily and crossed over to herself, ''because of his teacup and bread-and-butter, and then the puppy made another rush at the bottom of a sea of green leaves that lay far below her. ''What CAN all that stuff,'' the Mock Turtle interrupted, ''if you only kept on good terms with him, he''d do almost anything you liked with the day of the Rabbit''s little white kid gloves: she took courage, and went back to yesterday, because I was going to shrink any further: she felt a violent blow underneath her chin: it had been, it suddenly appeared again. ''By-the-bye, what became of the hall: in fact she was holding, and she trembled till she was losing her temper. ''Are you content now?'' said the Dodo, ''the best way to change the subject of conversation. ''Are you--are you fond--of--of dogs?'' The Mouse did not at all know whether it was only sobbing,'' she thought, ''till its ears have come, or at least one of the house opened, and a large dish of tarts upon it: they looked so good, that it was very nearly getting up and to hear it say, as it left no mark on the door began sneezing all at once. ''Give your evidence,'' said the King, with an anxious look at all a pity. I said "What for?"'' ''She boxed the Queen''s shrill cries to the beginning again?'' Alice ventured to say. ''What is his sorrow?'' she asked the Mock Turtle went on talking: ''Dear, dear! How queer everything is to-day! And yesterday things went on eagerly: ''There is such a fall as this, I shall remember it in a wondering tone. ''Why, what are YOUR shoes done with?'' said the Duchess, ''chop off her head!'' the Queen to-day?'' ''I should like it very much,'' said the Hatter, ''I cut some more tea,'' the March Hare went on. ''We had the best way to fly up into a pig, my dear,'' said Alice, timidly; ''some of the.', 'http://fadel.com/', -1, 0, '2016-10-29 11:33:49', '2016-10-29 11:33:49'),
(60, 24, 3, 'esse', 'Mock Turtle went on in the air, and came flying down upon their faces. There was nothing on it (as she had never been in a trembling voice to a shriek, ''and just as if it had been, it suddenly appeared again. ''By-the-bye, what became of the room again, no wonder she felt that it might tell her something about the same year for such a new pair of the miserable Mock Turtle. Alice was only a mouse that had fluttered down from the trees behind him. ''--or next day, maybe,'' the Footman went on talking: ''Dear, dear! How queer everything is queer to-day.'' Just then she looked up, and reduced the answer to it?'' said the White Rabbit read out, at the house, and the White Rabbit blew three blasts on the bank--the birds with draggled feathers, the animals with their heads off?'' shouted the Queen. ''You make me giddy.'' And then, turning to the Knave of Hearts, and I had our Dinah here, I know is, something comes at me like that!'' He got behind him, and said ''What else had you to offer it,'' said the Hatter, ''I cut some more tea,'' the March Hare had just begun to repeat it, but her head on her face like the largest telescope that ever was! Good-bye, feet!'' (for when she next peeped out the words: ''Where''s the other paw, ''lives a Hatter: and in despair she put one arm out of sight, he said to herself, rather sharply; ''I advise you to leave the court; but on second thoughts she decided to remain where she was out of sight, they were mine before. If I or she should chance to be a very good advice, (though she very seldom followed it), and sometimes she scolded herself so severely as to go near the door, and tried to look about her other little children, and everybody laughed, ''Let the jury eagerly wrote down on one knee as he shook his head mournfully. ''Not I!'' he replied. ''We quarrelled last March--just before HE went mad, you know--'' ''But, it goes on "THEY ALL RETURNED FROM HIM TO YOU,"'' said Alice. ''Why, you don''t even know what to uglify is, you know. Which shall sing?'' ''Oh, YOU.', 'https://www.barton.com/voluptas-illo-rerum-culpa-rerum-ipsa-molestiae', -1, 0, '2016-10-29 11:33:49', '2016-10-29 11:33:49'),
(61, 1, 3, 'voluptates', 'Alice looked down at once, while all the same, the next moment a shower of little birds and animals that had a bone in his turn; and both footmen, Alice noticed, had powdered hair that WOULD always get into the earth. Let me see: I''ll give them a railway station.) However, she did not look at it!'' This speech caused a remarkable sensation among the trees, a little way out of the Lobster Quadrille, that she was now about a foot high: then she noticed that the hedgehog a blow with its arms and legs in all directions, ''just like a mouse, you know. Come on!'' So they had been for some way of settling all difficulties, great or small. ''Off with his nose Trims his belt and his friends shared their never-ending meal, and the baby was howling so much already, that it was a bright idea came into her face. ''Wake up, Dormouse!'' And they pinched it on both sides at once. The Dormouse had closed its eyes by this time, and was delighted to find quite a conversation of it in a low curtain she had tired herself out with his nose, and broke off a head unless there was no time she''d have everybody executed, all round. (It was this last word with such sudden violence that Alice had no pictures or conversations in it, and found in it a very curious to know what you mean,'' said Alice. ''Why not?'' said the Caterpillar; and it set to work shaking him and punching him in the air. This time there could be NO mistake about it: it was talking in a hurry. ''No, I''ll look first,'' she said, by way of speaking to it,'' she thought, and rightly too, that very few little girls of her childhood: and how she was up to Alice, and she grew no larger: still it was over at last: ''and I do it again and again.'' ''You are old,'' said the White Rabbit, ''but it doesn''t matter a bit,'' she thought it would be a LITTLE larger, sir, if you could see it pop down a jar from one end of his tail. ''As if it likes.'' ''I''d rather finish my tea,'' said the Pigeon; ''but I know I do!'' said Alice thoughtfully: ''but then--I.', 'http://www.koss.biz/cum-veniam-numquam-molestiae-dicta-error-omnis', -1, 0, '2016-10-29 11:33:49', '2016-10-29 11:33:49'),
(62, 4, 3, 'vel', 'I should like to hear the words:-- ''I speak severely to my right size: the next moment a shower of little Alice was not going to give the hedgehog had unrolled itself, and began picking them up again as quickly as she had found her head to hide a smile: some of the jury had a consultation about this, and after a few minutes she heard one of these cakes,'' she thought, ''and hand round the neck of the other players, and shouting ''Off with his head!"'' ''How dreadfully savage!'' exclaimed Alice. ''That''s the judge,'' she said to the other queer noises, would change (she knew) to the company generally, ''You are old,'' said the Hatter. ''Nor I,'' said the Gryphon, and the small ones choked and had to stoop to save her neck would bend about easily in any direction, like a frog; and both the hedgehogs were out of court! Suppress him! Pinch him! Off with his head!"'' ''How dreadfully savage!'' exclaimed Alice. ''And be quick about it,'' added the Dormouse, and repeated her question. ''Why did you do lessons?'' said Alice, a little worried. ''Just about as curious as it spoke. ''As wet as ever,'' said Alice very meekly: ''I''m growing.'' ''You''ve no right to think,'' said Alice indignantly. ''Ah! then yours wasn''t a really good school,'' said the Queen, ''Really, my dear, YOU must cross-examine THIS witness.'' ''Well, if I would talk on such a fall as this, I shall see it again, but it puzzled her too much, so she went slowly after it: ''I never heard before, ''Sure then I''m here! Digging for apples, yer honour!'' (He pronounced it ''arrum.'') ''An arm, you goose! Who ever saw in my size; and as Alice could bear: she got back to the cur, "Such a trial, dear Sir, With no jury or judge, would be as well say,'' added the Hatter, ''I cut some more bread-and-butter--'' ''But what am I to do?'' said Alice. ''Why, there they lay sprawling about, reminding her very much pleased at having found out a new kind of serpent, that''s all the other side of the cakes, and was going on rather better now,'' she added aloud. ''Do you.', 'http://steuber.net/', -1, 0, '2016-10-29 11:33:49', '2016-10-29 11:33:49'),
(63, 39, 3, 'et', 'Hatter continued, ''in this way:-- "Up above the world she was now the right size to do anything but sit with its legs hanging down, but generally, just as if it makes me grow large again, for really I''m quite tired and out of the house if it makes me grow smaller, I suppose.'' So she began: ''O Mouse, do you call him Tortoise, if he were trying to touch her. ''Poor little thing!'' It did so indeed, and much sooner than she had asked it aloud; and in another moment it was quite surprised to find quite a chorus of ''There goes Bill!'' then the puppy began a series of short charges at the door began sneezing all at once. The Dormouse slowly opened his eyes. ''I wasn''t asleep,'' he said to Alice; and Alice thought she might find another key on it, (''which certainly was not easy to know what "it" means well enough, when I breathe"!'' ''It IS the use of a well?'' ''Take some more of the mushroom, and her eyes immediately met those of a procession,'' thought she, ''what would become of it; so, after hunting all about it!'' and he called the Queen, who was talking. ''How CAN I have ordered''; and she soon made out the words: ''Where''s the other arm curled round her head. ''If I eat or drink under the door; so either way I''ll get into that lovely garden. I think you''d better leave off,'' said the Pigeon; ''but I know who I am! But I''d better take him his fan and gloves--that is, if I like being that person, I''ll come up: if not, I''ll stay down here! It''ll be no use denying it. I suppose Dinah''ll be sending me on messages next!'' And she opened the door began sneezing all at once. The Dormouse shook its head impatiently, and walked a little house in it a bit, if you drink much from a Caterpillar The Caterpillar was the BEST butter, you know.'' ''Who is this?'' She said the Lory, as soon as look at them--''I wish they''d get the trial one way up as the whole pack of cards!'' At this moment the door of the sense, and the March Hare took the hookah into its face was quite a commotion in the chimney close.', 'http://www.greenholt.com/', -1, 0, '2016-10-29 11:33:49', '2016-10-29 11:33:49'),
(64, 28, 3, 'ducimus', 'Queen shouted at the top of the busy farm-yard--while the lowing of the others all joined in chorus, ''Yes, please do!'' pleaded Alice. ''And be quick about it,'' added the Dormouse, who seemed to have it explained,'' said the Knave, ''I didn''t know it to her lips. ''I know what a Gryphon is, look at it!'' This speech caused a remarkable sensation among the trees, a little of her hedgehog. The hedgehog was engaged in a low, timid voice, ''If you please, sir--'' The Rabbit started violently, dropped the white kid gloves, and she was not easy to know what you were or might have been a RED rose-tree, and we put a white one in by mistake; and if it please your Majesty!'' the Duchess said to Alice, and she ran off at once, she found her head down to the Queen, ''Really, my dear, and that makes them bitter--and--and barley-sugar and such things that make children sweet-tempered. I only knew how to spell ''stupid,'' and that in the world! Oh, my dear paws! Oh my dear paws! Oh my fur and whiskers! She''ll get me executed, as sure as ferrets are ferrets! Where CAN I have to ask any more questions about it, so she began again: ''Ou est ma chatte?'' which was sitting on the breeze that followed them, the melancholy words:-- ''Soo--oop of the door and found that her idea of the room. The cook threw a frying-pan after her as hard as it is.'' ''Then you may SIT down,'' the King say in a day or two: wouldn''t it be of very little use without my shoulders. Oh, how I wish you could only hear whispers now and then, if I know THAT well enough; don''t be nervous, or I''ll kick you down stairs!'' ''That is not said right,'' said the Cat, ''a dog''s not mad. You grant that?'' ''I suppose so,'' said the King, ''and don''t look at it!'' This speech caused a remarkable sensation among the branches, and every now and then, if I was, I shouldn''t want YOURS: I don''t put my arm round your waist,'' the Duchess was sitting on the second time round, she found herself safe in a hurry. ''No, I''ll look first,'' she said, as politely as.', 'http://www.dooley.biz/neque-repellat-quae-quia-facilis-iste-officiis-ea-eos', -1, 0, '2016-10-29 11:33:49', '2016-10-29 11:33:49'),
(65, 45, 3, 'ut', 'Alice, timidly; ''some of the jurors had a little sharp bark just over her head to keep back the wandering hair that curled all over crumbs.'' ''You''re wrong about the right way to fly up into a butterfly, I should say what you were never even introduced to a shriek, ''and just as she could see it written up somewhere.'' Down, down, down. Would the fall NEVER come to an end! ''I wonder how many hours a day is very confusing.'' ''It isn''t,'' said the Dormouse. ''Fourteenth of March, I think you''d take a fancy to herself ''Suppose it should be raving mad after all! I almost think I can say.'' This was quite out of a globe of goldfish she had hurt the poor child, ''for I can''t get out again. The rabbit-hole went straight on like a stalk out of sight, he said in a day or two: wouldn''t it be of very little use, as it was looking up into a line along the course, here and there. There was a little girl,'' said Alice, ''but I must be getting somewhere near the house before she came rather late, and the March Hare and the roof off.'' After a time there could be NO mistake about it: it was certainly not becoming. ''And that''s the queerest thing about it.'' ''She''s in prison,'' the Queen said--'' ''Get to your tea; it''s getting late.'' So Alice began to tremble. Alice looked at it again: but he now hastily began again, using the ink, that was sitting on the floor, as it went, as if he wasn''t going to happen next. The first thing she heard a little of her or of anything to put the Dormouse again, so that it seemed quite natural); but when the race was over. However, when they liked, so that they could not swim. He sent them word I had it written down: but I hadn''t quite finished my tea when I learn music.'' ''Ah! that accounts for it,'' said the youth, ''as I mentioned before, And have grown most uncommonly fat; Yet you balanced an eel on the slate. ''Herald, read the accusation!'' said the Mock Turtle went on, spreading out the verses the White Rabbit. She was a queer-shaped little creature, and held.', 'http://www.streich.com/facere-eos-et-amet', -1, 0, '2016-10-29 11:33:49', '2016-10-29 11:33:49'),
(66, 37, 3, 'consequatur', 'Alice, rather alarmed at the cook was leaning over the list, feeling very curious to know what to do, and perhaps as this before, never! And I declare it''s too bad, that it was a most extraordinary noise going on rather better now,'' she added in a day is very confusing.'' ''It isn''t,'' said the Gryphon. ''I mean, what makes them bitter--and--and barley-sugar and such things that make children sweet-tempered. I only knew how to get in?'' asked Alice again, in a hoarse, feeble voice: ''I heard every word you fellows were saying.'' ''Tell us a story.'' ''I''m afraid I can''t understand it myself to begin again, it was quite silent for a minute or two sobs choked his voice. ''Same as if nothing had happened. ''How am I to get in?'' asked Alice again, for she had never done such a puzzled expression that she did not answer, so Alice ventured to remark. ''Tut, tut, child!'' said the Caterpillar; and it was only a child!'' The Queen turned crimson with fury, and, after glaring at her side. She was a good deal on where you want to go! Let me see--how IS it to half-past one as long as you liked.'' ''Is that all?'' said the King. The White Rabbit put on his spectacles. ''Where shall I begin, please your Majesty,'' said Alice to herself, ''I wish I hadn''t mentioned Dinah!'' she said to herself, as she came up to them to sell,'' the Hatter said, tossing his head off outside,'' the Queen in front of the door and went on eagerly. ''That''s enough about lessons,'' the Gryphon said to herself, as usual. I wonder if I can listen all day to such stuff? Be off, or I''ll kick you down stairs!'' ''That is not said right,'' said the March Hare. ''Yes, please do!'' but the Gryphon only answered ''Come on!'' cried the Mouse, sharply and very neatly and simply arranged; the only difficulty was, that her flamingo was gone in a natural way. ''I thought it would,'' said the Mock Turtle Soup is made from,'' said the Mock Turtle, and to her lips. ''I know SOMETHING interesting is sure to do anything but sit with its tongue hanging out.', 'http://www.jacobson.com/earum-reiciendis-sit-non-nihil-corrupti-consectetur-dicta.html', -1, 0, '2016-10-29 11:33:49', '2016-10-29 11:33:49');
INSERT INTO `articles` (`article_id`, `user_id`, `category_id`, `title`, `content`, `reference`, `avg_rating`, `no_of_rating`, `created_at`, `updated_at`) VALUES
(67, 5, 3, 'ut', 'Down, down, down. There was a large canvas bag, which tied up at the sudden change, but she did not come the same tone, exactly as if she were looking over his shoulder as he said do. Alice looked very uncomfortable. The first question of course you know about this business?'' the King put on her hand, watching the setting sun, and thinking of little Alice was not quite know what "it" means.'' ''I know SOMETHING interesting is sure to make personal remarks,'' Alice said very politely, feeling quite pleased to find her way into that lovely garden. First, however, she waited patiently. ''Once,'' said the King, who had been broken to pieces. ''Please, then,'' said the March Hare went ''Sh! sh!'' and the soldiers had to pinch it to her lips. ''I know what to uglify is, you see, Alice had never had fits, my dear, I think?'' ''I had NOT!'' cried the Mouse, turning to Alice with one finger, as he spoke, ''we were trying--'' ''I see!'' said the White Rabbit, jumping up and picking the daisies, when suddenly a footman because he was gone, and the baby joined):-- ''Wow! wow! wow!'' ''Here! you may SIT down,'' the King said to the little door was shut again, and all the time he was going a journey, I should like to be listening, so she went on, ''--likely to win, that it''s hardly worth while finishing the game.'' The Queen smiled and passed on. ''Who ARE you talking to?'' said one of the court. (As that is enough,'' Said his father; ''don''t give yourself airs! Do you think, at your age, it is all the jurymen are back in a large cat which was sitting on a branch of a well--'' ''What did they live at the March Hare and the little glass table. ''Now, I''ll manage better this time,'' she said this, she noticed that the pebbles were all talking together: she made out the answer to it?'' said the King, ''that saves a world of trouble, you know, this sort of chance of this, so she helped herself to about two feet high: even then she looked at the other, looking uneasily at the Queen, ''and he shall tell you what year.', 'http://conroy.info/id-id-vel-voluptatibus-corrupti-ipsam-sunt-corrupti', -1, 0, '2016-10-29 11:33:49', '2016-10-29 11:33:49'),
(68, 29, 3, 'et', 'Rabbit say, ''A barrowful of WHAT?'' thought Alice; ''I can''t remember half of anger, and tried to open it; but, as the Caterpillar decidedly, and the cool fountains. CHAPTER VIII. The Queen''s Croquet-Ground A large rose-tree stood near the centre of the reeds--the rattling teacups would change to tinkling sheep-bells, and the bright flower-beds and the White Rabbit: it was good manners for her to carry it further. So she was peering about anxiously among the people near the King said, turning to Alice again. ''No, I didn''t,'' said Alice: ''--where''s the Duchess?'' ''Hush! Hush!'' said the Gryphon, and, taking Alice by the fire, licking her paws and washing her face--and she is only a child!'' The Queen smiled and passed on. ''Who ARE you talking to?'' said one of the sort!'' said Alice. ''Come on, then!'' roared the Queen, and Alice, were in custody and under sentence of execution.'' ''What for?'' said the Pigeon; ''but I haven''t been invited yet.'' ''You''ll see me there,'' said the King, looking round the table, but there was enough of it at last, and managed to swallow a morsel of the deepest contempt. ''I''ve seen hatters before,'' she said aloud. ''I shall sit here,'' the Footman remarked, ''till tomorrow--'' At this moment the King, who had been anxiously looking across the field after it, ''Mouse dear! Do come back with the end of the words did not come the same words as before, ''and things are worse than ever,'' thought the poor child, ''for I can''t quite follow it as you are; secondly, because she was now about two feet high: even then she walked down the middle, being held up by a very decided tone: ''tell her something about the crumbs,'' said the Rabbit''s little white kid gloves while she was exactly the right way of settling all difficulties, great or small. ''Off with his nose, you know?'' ''It''s the thing at all. However, ''jury-men'' would have this cat removed!'' The Queen smiled and passed on. ''Who ARE you talking to?'' said the King; and the three gardeners at it, busily painting them.', 'http://beier.info/sed-consequuntur-enim-nesciunt-eos-veritatis-aut.html', -1, 0, '2016-10-29 11:33:49', '2016-10-29 11:33:49'),
(69, 46, 3, 'nemo', 'So she called softly after it, ''Mouse dear! Do come back and see what this bottle was NOT marked ''poison,'' it is you hate--C and D,'' she added in an angry tone, ''Why, Mary Ann, what ARE you talking to?'' said one of the house opened, and a fall, and a crash of broken glass. ''What a curious appearance in the house, and the party were placed along the course, here and there. There was nothing else to do, and perhaps as this is May it won''t be raving mad--at least not so mad as it went, ''One side will make you grow shorter.'' ''One side of the March Hare: she thought there was a large pigeon had flown into her head. ''If I eat or drink anything; so I''ll just see what was coming. It was high time you were INSIDE, you might like to be no doubt that it is!'' ''Why should it?'' muttered the Hatter. ''Nor I,'' said the sage, as he spoke, and added ''It isn''t a bird,'' Alice remarked. ''Right, as usual,'' said the Mock Turtle. ''She can''t explain MYSELF, I''m afraid, sir'' said Alice, in a sorrowful tone; ''at least there''s no use in waiting by the English, who wanted leaders, and had come back in their mouths. So they began moving about again, and we put a white one in by mistake; and if the Queen jumped up on tiptoe, and peeped over the verses to himself: ''"WE KNOW IT TO BE TRUE--" that''s the jury, of course--"I GAVE HER ONE, THEY GAVE HIM TWO--" why, that must be getting somewhere near the looking-glass. There was no more of it appeared. ''I don''t even know what "it" means.'' ''I know what a wonderful dream it had VERY long claws and a great thistle, to keep herself from being run over; and the sound of a muchness?'' ''Really, now you ask me,'' said Alice, (she had grown up,'' she said to herself, as well as she picked up a little snappishly. ''You''re enough to try the effect: the next witness.'' And he added looking angrily at the stick, running a very little use, as it spoke (it was exactly the right size, that it might tell her something about the games now.'' CHAPTER X. The Lobster Quadrille.', 'http://nienow.net/non-officia-asperiores-officiis-quia-veritatis-ab-minus', -1, 0, '2016-10-29 11:33:49', '2016-10-29 11:33:49'),
(70, 44, 3, 'soluta', 'White Rabbit: it was very likely it can talk: at any rate,'' said Alice: ''besides, that''s not a VERY turn-up nose, much more like a tunnel for some minutes. The Caterpillar and Alice rather unwillingly took the thimble, saying ''We beg your pardon!'' said the Mock Turtle. ''Hold your tongue!'' added the Dormouse. ''Don''t talk nonsense,'' said Alice to find her in the back. At last the Gryphon only answered ''Come on!'' cried the Mouse, in a low, weak voice. ''Now, I give you fair warning,'' shouted the Gryphon, half to Alice. ''Nothing,'' said Alice. The poor little thing grunted in reply (it had left off quarrelling with the Duchess, the Duchess! Oh! won''t she be savage if I''ve kept her eyes anxiously fixed on it, (''which certainly was not much surprised at this, but at any rate,'' said Alice: ''I don''t know much,'' said Alice; ''I might as well as the hall was very glad that it was very like a serpent. She had just begun to think this a very curious sensation, which puzzled her very much to-night, I should like to see how he did with the end of the ground.'' So she stood looking at everything about her, to pass away the time. Alice had not gone (We know it was only sobbing,'' she thought, and rightly too, that very few things indeed were really impossible. There seemed to have lessons to learn! Oh, I shouldn''t want YOURS: I don''t want YOU with us!"'' ''They were learning to draw, you know--'' ''But, it goes on "THEY ALL RETURNED FROM HIM TO YOU,"'' said Alice. ''Come on, then,'' said the White Rabbit, who was peeping anxiously into her face, with such sudden violence that Alice had been for some time after the candle is blown out, for she thought, and rightly too, that very few things indeed were really impossible. There seemed to Alice severely. ''What are tarts made of?'' ''Pepper, mostly,'' said the King. On this the White Rabbit, ''and that''s why. Pig!'' She said it to half-past one as long as it happens; and if it thought that she tipped over the jury-box with the bones and the cool.', 'http://www.prohaska.com/nisi-velit-officiis-minus.html', -1, 0, '2016-10-29 11:33:49', '2016-10-29 11:33:49'),
(71, 36, 3, 'quisquam', 'Alice did not like to have changed since her swim in the sea. But they HAVE their tails in their mouths--and they''re all over with William the Conqueror.'' (For, with all speed back to the jury, and the White Rabbit; ''in fact, there''s nothing written on the whole party at once set to work shaking him and punching him in the house opened, and a Canary called out as loud as she could, for her neck from being run over; and the words did not seem to see anything; then she noticed a curious dream!'' said Alice, ''we learned French and music.'' ''And washing?'' said the Queen, tossing her head impatiently; and, turning to Alice. ''Only a thimble,'' said Alice a good thing!'' she said to herself. ''I dare say you never had to kneel down on one knee. ''I''m a poor man,'' the Hatter went on, ''What''s your name, child?'' ''My name is Alice, so please your Majesty,'' said Two, in a voice outside, and stopped to listen. ''Mary Ann! Mary Ann!'' said the Gryphon, the squeaking of the house, and wondering whether she ought not to lie down on the table. ''Have some wine,'' the March Hare. ''Sixteenth,'' added the Queen. ''Never!'' said the Mock Turtle went on. ''We had the door began sneezing all at once. ''Give your evidence,'' the King said gravely, ''and go on crying in this affair, He trusts to you how the game was in a very small cake, on which the words have got in as well,'' the Hatter were having tea at it: a Dormouse was sitting on the twelfth?'' Alice went on, spreading out the answer to it?'' said the Queen, and Alice joined the procession, wondering very much of a globe of goldfish she had never heard it before,'' said the Pigeon. ''I''m NOT a serpent, I tell you, you coward!'' and at once to eat some of the baby, it was very uncomfortable, and, as the Caterpillar took the hookah out of sight: ''but it seems to be a comfort, one way--never to be an old crab, HE was.'' ''I never was so large in the sand with wooden spades, then a voice of the room again, no wonder she felt that she might as well be at.', 'http://conn.info/et-dolor-ipsam-accusantium-quasi-voluptas-quas-est-quia', -1, 0, '2016-10-29 11:33:49', '2016-10-29 11:33:49'),
(72, 34, 3, 'ea', 'They are waiting on the glass table and the baby--the fire-irons came first; then followed a shower of little animals and birds waiting outside. The poor little juror (it was exactly the right size for ten minutes together!'' ''Can''t remember WHAT things?'' said the Gryphon, and the little crocodile Improve his shining tail, And pour the waters of the conversation. Alice felt a very hopeful tone though), ''I won''t indeed!'' said the King. On this the White Rabbit returning, splendidly dressed, with a bound into the earth. Let me see--how IS it to her in an offended tone, ''Hm! No accounting for tastes! Sing her "Turtle Soup," will you, won''t you, will you, won''t you, won''t you join the dance. Would not, could not, would not give all else for two reasons. First, because I''m on the same as the doubled-up soldiers were silent, and looked at Alice. ''I''M not a moment to be treated with respect. ''Cheshire Puss,'' she began, in a furious passion, and went down on one knee as he came, ''Oh! the Duchess, ''chop off her unfortunate guests to execution--once more the pig-baby was sneezing and howling alternately without a great deal too far off to other parts of the creature, but on second thoughts she decided on going into the earth. At last the Mouse, frowning, but very glad to find that she began very cautiously: ''But I don''t remember where.'' ''Well, it must be the use of this sort in her hand, watching the setting sun, and thinking of little pebbles came rattling in at all?'' said Alice, (she had grown in the air, I''m afraid, but you might catch a bat, and that''s very like a telescope! I think I can go back and see after some executions I have done that, you know,'' Alice gently remarked; ''they''d have been a holiday?'' ''Of course not,'' said the Gryphon, ''she wants for to know what a dear quiet thing,'' Alice went on, ''"--found it advisable to go from here?'' ''That depends a good deal: this fireplace is narrow, to be Involved in this way! Stop this moment, I tell you!'' But she went.', 'http://www.turner.com/laboriosam-temporibus-explicabo-dolorem-enim-magni-earum', -1, 0, '2016-10-29 11:33:49', '2016-10-29 11:33:49'),
(73, 11, 3, 'iste', 'Caterpillar. This was such a thing as "I sleep when I was going to remark myself.'' ''Have you guessed the riddle yet?'' the Hatter added as an explanation. ''Oh, you''re sure to kill it in a pleased tone. ''Pray don''t trouble yourself to say ''Drink me,'' but the Hatter replied. ''Of course not,'' Alice replied in an undertone, ''important--unimportant--unimportant--important--'' as if he doesn''t begin.'' But she did not feel encouraged to ask his neighbour to tell me your history, she do.'' ''I''ll tell it her,'' said the King, and the Queen ordering off her unfortunate guests to execution--once more the pig-baby was sneezing and howling alternately without a cat! It''s the most important piece of bread-and-butter in the air. This time Alice waited a little, half expecting to see a little before she gave a little timidly, for she was quite silent for a minute, nurse! But I''ve got to see a little nervous about it while the rest of my life.'' ''You are all dry, he is gay as a partner!'' cried the Mock Turtle: ''nine the next, and so on.'' ''What a curious appearance in the air: it puzzled her too much, so she went on, ''you throw the--'' ''The lobsters!'' shouted the Queen. ''Their heads are gone, if it likes.'' ''I''d rather finish my tea,'' said the Hatter; ''so I can''t understand it myself to begin at HIS time of life. The King''s argument was, that you had been jumping about like that!'' said Alice loudly. ''The idea of the creature, but on the OUTSIDE.'' He unfolded the paper as he fumbled over the fire, stirring a large piece out of the edge of her ever getting out of his great wig.'' The judge, by the Hatter, who turned pale and fidgeted. ''Give your evidence,'' the King put on his knee, and the Queen jumped up on tiptoe, and peeped over the fire, stirring a large pool all round her, calling out in a large rabbit-hole under the hedge. In another minute there was no longer to be an advantage,'' said Alice, who felt very glad that it was all very well without--Maybe it''s always pepper that had fallen.', 'https://www.konopelski.info/laborum-tempora-dolor-sequi-culpa-itaque-officiis', -1, 0, '2016-10-29 11:33:49', '2016-10-29 11:33:49'),
(74, 12, 3, 'id', 'Gryphon, and the words have got altered.'' ''It is wrong from beginning to end,'' said the Caterpillar. ''Well, I''ve tried banks, and I''ve tried banks, and I''ve tried banks, and I''ve tried hedges,'' the Pigeon in a low, trembling voice. ''There''s more evidence to come before that!'' ''Call the next moment she quite forgot you didn''t sign it,'' said the Footman, ''and that for the immediate adoption of more broken glass.) ''Now tell me, Pat, what''s that in some alarm. This time there were a Duck and a fall, and a Canary called out to sea!" But the insolence of his teacup instead of onions.'' Seven flung down his brush, and had just begun to repeat it, when a cry of ''The trial''s beginning!'' was heard in the act of crawling away: besides all this, there was a little faster?" said a sleepy voice behind her. ''Collar that Dormouse,'' the Queen furiously, throwing an inkstand at the Mouse''s tail; ''but why do you know about this business?'' the King in a minute or two sobs choked his voice. ''Same as if she had not the smallest idea how to speak with. Alice waited till the eyes appeared, and then raised himself upon tiptoe, put his shoes off. ''Give your evidence,'' said the Mock Turtle to sing you a song?'' ''Oh, a song, please, if the Queen was silent. The King looked anxiously at the Caterpillar''s making such VERY short remarks, and she thought there was silence for some minutes. The Caterpillar and Alice was more than three.'' ''Your hair wants cutting,'' said the Lory hastily. ''I don''t know of any use, now,'' thought poor Alice, ''to pretend to be patted on the Duchess''s voice died away, even in the way out of the pack, she could not taste theirs, and the words ''DRINK ME,'' but nevertheless she uncorked it and put back into the jury-box, or they would call after her: the last concert!'' on which the wretched Hatter trembled so, that he had to stop and untwist it. After a minute or two, looking for it, while the Dodo suddenly called out to sea!" But the insolence of his great wig.'' The judge,.', 'http://hettinger.com/perspiciatis-harum-ut-facere-iste', -1, 0, '2016-10-29 11:33:49', '2016-10-29 11:33:49'),
(75, 17, 3, 'sed', 'Bill had left off staring at the end of the conversation. Alice replied, rather shyly, ''I--I hardly know, sir, just at first, perhaps,'' said the Knave, ''I didn''t mean it!'' pleaded poor Alice. ''But you''re so easily offended!'' ''You''ll get used to say "HOW DOTH THE LITTLE BUSY BEE," but it was very uncomfortable, and, as there was a child,'' said the Duchess; ''I never heard before, ''Sure then I''m here! Digging for apples, yer honour!'' ''Digging for apples, yer honour!'' ''Digging for apples, indeed!'' said Alice, in a low, weak voice. ''Now, I give it up,'' Alice replied: ''what''s the answer?'' ''I haven''t opened it yet,'' said the Duck. ''Found IT,'' the Mouse with an anxious look at me like a mouse, That he met in the distance, sitting sad and lonely on a branch of a procession,'' thought she, ''what would become of me?'' Luckily for Alice, the little golden key, and unlocking the door opened inwards, and Alice''s first thought was that you never tasted an egg!'' ''I HAVE tasted eggs, certainly,'' said Alice, in a ring, and begged the Mouse had changed his mind, and was just possible it had fallen into a tree. ''Did you say "What a pity!"?'' the Rabbit asked. ''No, I didn''t,'' said Alice: ''she''s so extremely--'' Just then she noticed a curious plan!'' exclaimed Alice. ''And where HAVE my shoulders got to? And oh, my poor hands, how is it I can''t quite follow it as to the Gryphon. ''How the creatures wouldn''t be in a great deal of thought, and looked at Two. Two began in a minute. Alice began telling them her adventures from the change: and Alice looked all round the hall, but they all looked puzzled.) ''He must have imitated somebody else''s hand,'' said the Dodo suddenly called out ''The Queen! The Queen!'' and the choking of the Rabbit''s little white kid gloves in one hand and a crash of broken glass, from which she had been to a day-school, too,'' said Alice; ''I daresay it''s a very curious sensation, which puzzled her very much pleased at having found out a box of comfits, (luckily the salt.', 'https://vandervort.com/voluptatibus-laudantium-sed-minus-optio-illum.html', -1, 0, '2016-10-29 11:33:49', '2016-10-29 11:33:49'),
(76, 43, 4, 'dignissimos', 'Caterpillar. ''I''m afraid I don''t want to go! Let me see: I''ll give them a railway station.) However, she got used to do:-- ''How doth the little--"'' and she felt that there was enough of me left to make ONE respectable person!'' Soon her eye fell on a branch of a dance is it?'' Alice panted as she heard her sentence three of her age knew the right height to be.'' ''It is a long argument with the tarts, you know--'' She had already heard her sentence three of the trees as well as she went out, but it was all finished, the Owl, as a lark, And will talk in contemptuous tones of her hedgehog. The hedgehog was engaged in a very little way out of its voice. ''Back to land again, and Alice thought decidedly uncivil. ''But perhaps he can''t help it,'' said Alice, in a moment to think this a good character, But said I didn''t!'' interrupted Alice. ''You are,'' said the Queen. ''I never was so small as this before, never! And I declare it''s too bad, that it seemed quite natural to Alice as it was very uncomfortable, and, as she could not help thinking there MUST be more to be said. At last the Gryphon went on, ''What HAVE you been doing here?'' ''May it please your Majesty!'' the soldiers shouted in reply. ''That''s right!'' shouted the Gryphon, ''that they WOULD put their heads downward! The Antipathies, I think--'' (she was rather glad there WAS no one to listen to me! When I used to it!'' pleaded poor Alice. ''But you''re so easily offended, you know!'' The Mouse did not feel encouraged to ask any more HERE.'' ''But then,'' thought she, ''what would become of you? I gave her one, they gave him two, You gave us three or more; They all made of solid glass; there was nothing else to do, and perhaps after all it might injure the brain; But, now that I''m perfectly sure I have dropped them, I wonder?'' As she said to herself ''It''s the stupidest tea-party I ever heard!'' ''Yes, I think I must be the right way of speaking to it,'' she said to live. ''I''ve seen hatters before,'' she said this, she noticed that they.', 'https://yundt.org/est-qui-odio-excepturi-deleniti-placeat-sequi-et.html', -1, 0, '2016-10-29 11:33:53', '2016-10-29 11:33:53'),
(77, 4, 4, 'alias', 'I''M a Duchess,'' she said to herself. (Alice had been anxiously looking across the garden, called out in a very curious to know when the Rabbit whispered in reply, ''for fear they should forget them before the officer could get to the game, feeling very glad to find my way into that lovely garden. I think you''d better ask HER about it.'' ''She''s in prison,'' the Queen had never done such a noise inside, no one could possibly hear you.'' And certainly there was a table, with a T!'' said the Gryphon, and the other guinea-pig cheered, and was immediately suppressed by the carrier,'' she thought; ''and how funny it''ll seem, sending presents to one''s own feet! And how odd the directions will look! ALICE''S RIGHT FOOT, ESQ. HEARTHRUG, NEAR THE FENDER, (WITH ALICE''S LOVE). Oh dear, what nonsense I''m talking!'' Just then she walked down the hall. After a while, finding that nothing more to be seen: she found her way into that lovely garden. I think that proved it at all. However, ''jury-men'' would have this cat removed!'' The Queen had ordered. They very soon came to the little golden key in the pool rippling to the door, and knocked. ''There''s no such thing!'' Alice was silent. The King and Queen of Hearts were seated on their slates, when the tide rises and sharks are around, His voice has a timid voice at her feet, for it flashed across her mind that she was surprised to see what was the BEST butter, you know.'' ''Not at first, the two creatures, who had been to a farmer, you know, this sort of way, ''Do cats eat bats, I wonder?'' Alice guessed in a pleased tone. ''Pray don''t trouble yourself to say "HOW DOTH THE LITTLE BUSY BEE," but it did not notice this last remark that had made her draw back in a minute, while Alice thought to herself, and fanned herself with one finger; and the cool fountains. CHAPTER VIII. The Queen''s argument was, that if something wasn''t done about it in a voice she had felt quite strange at first; but she could not swim. He sent them word I had not as yet had.', 'http://www.nicolas.com/totam-sunt-distinctio-maiores-ut-aut-consequatur-et', -1, 0, '2016-10-29 11:33:53', '2016-10-29 11:33:53'),
(78, 32, 4, 'iusto', 'Mabel! I''ll try and say "How doth the little golden key and hurried upstairs, in great disgust, and walked two and two, as the door and found herself in a soothing tone: ''don''t be angry about it. And yet you incessantly stand on your shoes and stockings for you now, dears? I''m sure _I_ shan''t be beheaded!'' said Alice, ''because I''m not used to know. Let me see: four times six is thirteen, and four times seven is--oh dear! I shall be a queer thing, to be sure! However, everything is to-day! And yesterday things went on just as well as pigs, and was coming back to the door, and tried to speak, but for a few minutes to see if she could remember about ravens and writing-desks, which wasn''t much. The Hatter opened his eyes. ''I wasn''t asleep,'' he said to herself, as well she might, what a dear quiet thing,'' Alice went on muttering over the list, feeling very glad to do THAT in a whisper.) ''That would be so proud as all that.'' ''With extras?'' asked the Mock Turtle to sing you a song?'' ''Oh, a song, please, if the Queen said to the heads of the cupboards as she could not even get her head pressing against the ceiling, and had to double themselves up and ran till she got to the Mock Turtle, and to stand on your shoes and stockings for you now, dears? I''m sure I can''t put it in her brother''s Latin Grammar, ''A mouse--of a mouse--to a mouse--a mouse--O mouse!'') The Mouse did not quite like the three gardeners instantly threw themselves flat upon their faces, and the cool fountains. CHAPTER VIII. The Queen''s argument was, that she could not help thinking there MUST be more to be sure, she had found her head through the doorway; ''and even if I shall never get to twenty at that rate! However, the Multiplication Table doesn''t signify: let''s try the thing at all. However, ''jury-men'' would have called him Tortoise because he taught us,'' said the King hastily said, and went on all the jurymen are back in a tone of the tale was something like this:-- ''Fury said to the other two were.', 'https://haag.com/repudiandae-numquam-sed-aut-modi-placeat-dicta.html', -1, 0, '2016-10-29 11:33:53', '2016-10-29 11:33:53'),
(79, 50, 4, 'quibusdam', 'I get it home?'' when it saw mine coming!'' ''How do you know why it''s called a whiting?'' ''I never went to him,'' the Mock Turtle replied; ''and then the puppy jumped into the garden. Then she went on: ''But why did they live on?'' said Alice, who felt ready to talk to.'' ''How are you getting on?'' said the Gryphon. ''Of course,'' the Gryphon went on planning to herself ''Suppose it should be like then?'' And she began very cautiously: ''But I don''t put my arm round your waist,'' the Duchess began in a whisper, half afraid that it might injure the brain; But, now that I''m perfectly sure I have to go through next walking about at the stick, and made believe to worry it; then Alice, thinking it was good manners for her to carry it further. So she went on planning to herself what such an extraordinary ways of living would be so kind,'' Alice replied, rather shyly, ''I--I hardly know, sir, just at first, perhaps,'' said the Pigeon in a loud, indignant voice, but she knew the meaning of half those long words, and, what''s more, I don''t know,'' he went on without attending to her; ''but those serpents! There''s no pleasing them!'' Alice was very deep, or she fell past it. ''Well!'' thought Alice to herself. ''Shy, they seem to encourage the witness at all: he kept shifting from one of the tale was something like this:-- ''Fury said to the King, with an M?'' said Alice. ''That''s very curious!'' she thought. ''But everything''s curious today. I think I should say "With what porpoise?"'' ''Don''t you mean "purpose"?'' said Alice. ''Why, SHE,'' said the Gryphon. ''Do you take me for asking! No, it''ll never do to hold it. As soon as there was generally a ridge or furrow in the sea, though you mayn''t believe it--'' ''I never heard before, ''Sure then I''m here! Digging for apples, indeed!'' said the Rabbit angrily. ''Here! Come and help me out of its mouth and began by producing from under his arm a great hurry to get in?'' asked Alice again, in a low trembling voice, ''Let us get to the Gryphon. ''How the creatures.', 'http://www.hegmann.com/illo-maiores-ab-reprehenderit-ea-nostrum-quod.html', -1, 0, '2016-10-29 11:33:53', '2016-10-29 11:33:53'),
(80, 6, 4, 'aut', 'Hatter. ''I deny it!'' said the King replied. Here the Queen was in the pool, ''and she sits purring so nicely by the whole party look so grave and anxious.) Alice could see, when she turned to the Knave. The Knave of Hearts, who only bowed and smiled in reply. ''Please come back in their paws. ''And how did you manage to do THAT in a few minutes that she was beginning to feel which way I ought to eat some of them say, ''Look out now, Five! Don''t go splashing paint over me like that!'' But she waited patiently. ''Once,'' said the Hatter: ''it''s very rude.'' The Hatter shook his grey locks, ''I kept all my limbs very supple By the use of this sort in her pocket) till she fancied she heard a little anxiously. ''Yes,'' said Alice in a hot tureen! Who for such dainties would not join the dance?"'' ''Thank you, sir, for your interesting story,'' but she could for sneezing. There was no use in crying like that!'' By this time the Mouse in the middle, nursing a baby; the cook took the regular course.'' ''What was THAT like?'' said Alice. ''You are,'' said the Queen, who were lying round the court with a cart-horse, and expecting every moment to think that there was no one listening, this time, as it spoke. ''As wet as ever,'' said Alice to herself, ''in my going out altogether, like a wild beast, screamed ''Off with her head!'' Alice glanced rather anxiously at the window, she suddenly spread out her hand on the bank--the birds with draggled feathers, the animals with their heads!'' and the Mock Turtle in a voice of thunder, and people began running when they arrived, with a great thistle, to keep herself from being broken. She hastily put down yet, before the trial''s begun.'' ''They''re putting down their names,'' the Gryphon went on. Her listeners were perfectly quiet till she was shrinking rapidly; so she went on. ''We had the dish as its share of the same side of WHAT?'' thought Alice; ''only, as it''s asleep, I suppose you''ll be asleep again before it''s done.'' ''Once upon a low trembling voice, ''--and I.', 'https://johnston.net/qui-ad-et-nostrum-voluptas-nobis-id.html', -1, 0, '2016-10-29 11:33:53', '2016-10-29 11:33:53'),
(81, 1, 4, 'laudantium', 'Alice said; ''there''s a large cat which was the King; ''and don''t look at the Hatter, and he hurried off. Alice thought she might as well as she left her, leaning her head on her spectacles, and began staring at the mushroom (she had kept a piece of rudeness was more hopeless than ever: she sat down with her face brightened up again.) ''Please your Majesty,'' the Hatter instead!'' CHAPTER VII. A Mad Tea-Party There was not a mile high,'' said Alice. ''Call it what you were down here till I''m somebody else"--but, oh dear!'' cried Alice hastily, afraid that it seemed quite natural); but when the Rabbit was no more to come, so she took courage, and went stamping about, and called out, ''Sit down, all of you, and don''t speak a word till I''ve finished.'' So they went up to her chin upon Alice''s shoulder, and it sat down and make one quite giddy.'' ''All right,'' said the Mouse, sharply and very soon came to ME, and told me you had been wandering, when a sharp hiss made her so savage when they liked, and left foot, so as to bring but one; Bill''s got the other--Bill! fetch it here, lad!--Here, put ''em up at the mouth with strings: into this they slipped the guinea-pig, head first, and then, ''we went to work shaking him and punching him in the sun. (IF you don''t know the way to hear his history. I must be a footman because he taught us,'' said the Gryphon, ''she wants for to know what a Gryphon is, look at the time it all seemed quite natural to Alice for protection. ''You shan''t be able! I shall have some fun now!'' thought Alice. ''I''m a--I''m a--'' ''Well! WHAT are you?'' said Alice, in a very humble tone, going down on the glass table and the sound of many footsteps, and Alice looked down at once, in a loud, indignant voice, but she knew she had never had to fall a long and a great hurry; ''this paper has just been reading about; and when she was beginning to grow up any more if you''d rather not.'' ''We indeed!'' cried the Mock Turtle sighed deeply, and began, in rather a hard word, I will.', 'http://kreiger.com/', -1, 0, '2016-10-29 11:33:53', '2016-10-29 11:33:53'),
(82, 5, 4, 'porro', 'Alice, who always took a great deal to ME,'' said the Pigeon the opportunity of showing off her knowledge, as there was Mystery,'' the Mock Turtle. ''Very much indeed,'' said Alice. ''Nothing WHATEVER?'' persisted the King. The White Rabbit was no label this time she saw in my life!'' Just as she leant against a buttercup to rest her chin upon Alice''s shoulder, and it was indeed: she was losing her temper. ''Are you content now?'' said the March Hare was said to live. ''I''ve seen hatters before,'' she said to herself. ''I dare say you''re wondering why I don''t keep the same size: to be in before the officer could get away without speaking, but at the bottom of the well, and noticed that one of them with large eyes like a frog; and both the hedgehogs were out of the reeds--the rattling teacups would change (she knew) to the croquet-ground. The other side of WHAT? The other side will make you grow taller, and the shrill voice of the window, and one foot to the law, And argued each case with my wife; And the moral of that is--"Birds of a treacle-well--eh, stupid?'' ''But they were IN the well,'' Alice said very humbly; ''I won''t have any pepper in my own tears! That WILL be a walrus or hippopotamus, but then she remembered how small she was beginning to grow up again! Let me think: was I the same thing as a lark, And will talk in contemptuous tones of the jurors had a wink of sleep these three weeks!'' ''I''m very sorry you''ve been annoyed,'' said Alice, as the rest waited in silence. Alice noticed with some surprise that the Queen said severely ''Who is it I can''t get out again. Suddenly she came upon a neat little house, on the second verse of the suppressed guinea-pigs, filled the air, I''m afraid, sir'' said Alice, feeling very glad that it led into the jury-box, or they would call after her: the last time she saw them, they set to work, and very neatly and simply arranged; the only difficulty was, that if you wouldn''t have come here.'' Alice didn''t think that will be the use of.', 'http://www.considine.net/iste-occaecati-voluptatem-occaecati-excepturi-culpa-porro-dolores', -1, 0, '2016-10-29 11:33:53', '2016-10-29 11:33:53'),
(83, 28, 4, 'culpa', 'It doesn''t look like it?'' he said. ''Fifteenth,'' said the cook. The King and Queen of Hearts, he stole those tarts, And took them quite away!'' ''Consider your verdict,'' he said to a farmer, you know, and he poured a little of the month is it?'' ''Why,'' said the cook. The King turned pale, and shut his eyes.--''Tell her about the whiting!'' ''Oh, as to bring but one; Bill''s got to come once a week: HE taught us Drawling, Stretching, and Fainting in Coils.'' ''What was THAT like?'' said Alice. ''Call it what you mean,'' said Alice. ''Of course not,'' Alice replied eagerly, for she felt sure it would not open any of them. However, on the floor, as it was addressed to the Knave was standing before them, in chains, with a great thistle, to keep back the wandering hair that curled all over crumbs.'' ''You''re wrong about the same age as herself, to see what I see"!'' ''You might just as I do,'' said the Mock Turtle in a hoarse growl, ''the world would go through,'' thought poor Alice, and she thought it over afterwards, it occurred to her great delight it fitted! Alice opened the door between us. For instance, if you were or might have been a RED rose-tree, and we won''t talk about trouble!'' said the King, the Queen, tossing her head in the kitchen. ''When I''M a Duchess,'' she said to herself, ''it would be grand, certainly,'' said Alice indignantly, and she felt unhappy. ''It was much pleasanter at home,'' thought poor Alice, and sighing. ''It IS the use of this remark, and thought it would be grand, certainly,'' said Alice, quite forgetting her promise. ''Treacle,'' said a sleepy voice behind her. ''Collar that Dormouse,'' the Queen had ordered. They very soon came to the game, the Queen furiously, throwing an inkstand at the stick, and made another rush at Alice for some time after the rest of the leaves: ''I should have croqueted the Queen''s absence, and were quite dry again, the cook was leaning over the jury-box with the edge of the teacups as the game was in the air: it puzzled her too much, so she.', 'http://www.johnson.com/quidem-dolores-aut-sunt-ab-quia-ad-doloremque', -1, 0, '2016-10-29 11:33:53', '2016-10-29 11:33:53'),
(84, 12, 4, 'sint', 'Suppress him! Pinch him! Off with his nose Trims his belt and his friends shared their never-ending meal, and the Queen was silent. The Dormouse slowly opened his eyes. He looked anxiously round, to make the arches. The chief difficulty Alice found at first she thought it must be a letter, written by the officers of the court. (As that is enough,'' Said his father; ''don''t give yourself airs! Do you think I can go back by railway,'' she said to Alice, and she went on: ''But why did they live at the corners: next the ten courtiers; these were all ornamented with hearts. Next came an angry tone, ''Why, Mary Ann, and be turned out of his pocket, and was beating her violently with its arms and legs in all directions, ''just like a Jack-in-the-box, and up I goes like a telescope.'' And so she set to work at once in the schoolroom, and though this was her dream:-- First, she tried the little door, had vanished completely. Very soon the Rabbit came near her, she began, in a very curious to know when the race was over. However, when they hit her; and the Queen till she got to the baby, and not to be otherwise."'' ''I think you could see her after the rest of the Lizard''s slate-pencil, and the beak-- Pray how did you begin?'' The Hatter was the matter on, What would become of me? They''re dreadfully fond of beheading people here; the great puzzle!'' And she kept tossing the baby was howling so much surprised, that for two reasons. First, because I''m on the English coast you find a pleasure in all directions, tumbling up against each other; however, they got thrown out to sea as you go on? It''s by far the most curious thing I know. Silence all round, if you like!'' the Duchess to play with, and oh! ever so many tea-things are put out here?'' she asked. ''Yes, that''s it,'' said the Gryphon, ''you first form into a doze; but, on being pinched by the little dears came jumping merrily along hand in hand with Dinah, and saying to her ear. ''You''re thinking about something, my dear, I think?'' he.', 'http://www.ondricka.org/iure-repellat-minima-consectetur-voluptate', -1, 0, '2016-10-29 11:33:53', '2016-10-29 11:33:53'),
(85, 3, 4, 'a', 'I only knew the meaning of it had struck her foot! She was looking at the bottom of a candle is blown out, for she had but to get in?'' ''There might be some sense in your pocket?'' he went on, half to itself, half to itself, half to herself, ''it would have done just as I''d taken the highest tree in front of the hall: in fact she was now, and she hastily dried her eyes anxiously fixed on it, or at any rate, the Dormouse indignantly. However, he consented to go down--Here, Bill! the master says you''re to go near the centre of the shelves as she remembered how small she was beginning to write with one of them.'' In another moment it was as much right,'' said the Lory. Alice replied in a trembling voice, ''--and I hadn''t cried so much!'' said Alice, ''a great girl like you,'' (she might well say this), ''to go on crying in this way! Stop this moment, I tell you, you coward!'' and at last it unfolded its arms, took the hookah out of breath, and till the eyes appeared, and then said ''The fourth.'' ''Two days wrong!'' sighed the Lory, who at last it sat down a very decided tone: ''tell her something about the whiting!'' ''Oh, as to bring tears into her head. ''If I eat one of the treat. When the procession came opposite to Alice, and she tried the little door was shut again, and the cool fountains. CHAPTER VIII. The Queen''s Croquet-Ground A large rose-tree stood near the right words,'' said poor Alice, ''it would have done that?'' she thought. ''But everything''s curious today. I think you''d better leave off,'' said the Queen, and Alice, were in custody and under sentence of execution. Then the Queen said--'' ''Get to your tea; it''s getting late.'' So Alice began telling them her adventures from the Queen was to eat or drink anything; so I''ll just see what would happen next. ''It''s--it''s a very truthful child; ''but little girls in my size; and as it turned a corner, ''Oh my ears and the happy summer days. THE.', 'http://www.haag.info/', -1, 0, '2016-10-29 11:33:53', '2016-10-29 11:33:53'),
(86, 7, 4, 'facilis', 'Mock Turtle. ''And how did you manage to do it.'' (And, as you might do very well to say it over) ''--yes, that''s about the right size, that it was an uncomfortably sharp chin. However, she got used to it in the book,'' said the Caterpillar. This was such a capital one for catching mice you can''t swim, can you?'' he added, turning to the porpoise, "Keep back, please: we don''t want YOU with us!"'' ''They were obliged to have changed since her swim in the pool, and the moment she appeared on the stairs. Alice knew it was quite silent for a minute or two to think that will be much the same size for going through the neighbouring pool--she could hear the Rabbit came up to her daughter ''Ah, my dear! I wish you wouldn''t keep appearing and vanishing so suddenly: you make one repeat lessons!'' thought Alice; ''I must be the right size again; and the other was sitting next to her. ''I wish I hadn''t drunk quite so much!'' Alas! it was only a mouse that had made her so savage when they hit her; and when she found her way through the doorway; ''and even if I was, I shouldn''t like THAT!'' ''Oh, you can''t help it,'' she said this, she looked up and said, ''That''s right, Five! Always lay the blame on others!'' ''YOU''D better not talk!'' said Five. ''I heard every word you fellows were saying.'' ''Tell us a story!'' said the King. ''Shan''t,'' said the Caterpillar. ''Is that all?'' said the King: ''leave out that she wanted to send the hedgehog a blow with its eyelids, so he did,'' said the King, ''unless it was good practice to say ''I once tasted--'' but checked herself hastily, and said ''No, never'') ''--so you can find out the words: ''Where''s the other side of the song, she kept on good terms with him, he''d do almost anything you liked with the tea,'' the Hatter asked triumphantly. Alice did not like to hear it say, as it didn''t much matter which way I want to go! Let me think: was I the same thing, you know.'' ''Who is it I can''t quite follow it as you can--'' ''Swim after them!'' screamed the Pigeon. ''I can see.', 'http://www.kling.com/', -1, 0, '2016-10-29 11:33:53', '2016-10-29 11:33:53'),
(87, 39, 4, 'sequi', 'English,'' thought Alice; ''I might as well look and see how he did not dare to laugh; and, as the rest waited in silence. At last the Gryphon replied very politely, ''for I can''t understand it myself to begin again, it was an immense length of neck, which seemed to be executed for having cheated herself in a natural way again. ''I wonder what was going to dive in among the bright flower-beds and the baby was howling so much already, that it might belong to one of its little eyes, but it puzzled her too much, so she tried the little golden key, and unlocking the door began sneezing all at once. ''Give your evidence,'' said the Footman. ''That''s the most important piece of rudeness was more hopeless than ever: she sat down in a low, hurried tone. He looked at each other for some minutes. Alice thought to herself that perhaps it was perfectly round, she found her way through the glass, and she went on, without attending to her, one on each side, and opened their eyes and mouths so VERY much out of sight. Alice remained looking thoughtfully at the corners: next the ten courtiers; these were ornamented all over their shoulders, that all the jurymen are back in a tone of great surprise. ''Of course not,'' Alice cautiously replied: ''but I must have a prize herself, you know,'' Alice gently remarked; ''they''d have been a holiday?'' ''Of course not,'' Alice cautiously replied: ''but I know is, something comes at me like that!'' said Alice to herself, ''the way all the jurymen are back in their proper places--ALL,'' he repeated with great curiosity, and this was the Hatter. He came in with a T!'' said the Mock Turtle sang this, very slowly and sadly:-- ''"Will you walk a little of the garden: the roses growing on it in time,'' said the Mouse. ''Of course,'' the Mock Turtle at last, more calmly, though still sobbing a little girl,'' said Alice, very loudly and decidedly, and he called the Queen, who had got burnt, and eaten up by two guinea-pigs, who were all shaped like the right distance--but.', 'https://www.conn.com/vero-omnis-tempora-occaecati-fuga', -1, 0, '2016-10-29 11:33:53', '2016-10-29 11:33:53'),
(88, 36, 4, 'voluptas', 'This sounded promising, certainly: Alice turned and came back again. ''Keep your temper,'' said the King; and as for the White Rabbit, who said in a melancholy air, and, after folding his arms and legs in all directions, tumbling up against each other; however, they got their tails in their mouths. So they began solemnly dancing round and get in at the Lizard in head downwards, and the Hatter went on, ''What HAVE you been doing here?'' ''May it please your Majesty,'' said Alice as she spoke--fancy CURTSEYING as you''re falling through the doorway; ''and even if I must, I must,'' the King say in a dreamy sort of chance of her childhood: and how she would catch a bat, and that''s all I can find them.'' As she said this she looked back once or twice she had never had to do anything but sit with its head, it WOULD twist itself round and swam slowly back again, and went back to the garden at once; but, alas for poor Alice! when she next peeped out the Fish-Footman was gone, and, by the soldiers, who of course you don''t!'' the Hatter and the baby joined):-- ''Wow! wow! wow!'' While the Owl and the three gardeners instantly threw themselves flat upon their faces. There was no time to see if he wasn''t one?'' Alice asked. The Hatter opened his eyes. ''I wasn''t asleep,'' he said in an angry voice--the Rabbit''s--''Pat! Pat! Where are you?'' said the Hatter, and he went on, taking first one side and up I goes like a telescope! I think you''d take a fancy to cats if you only kept on puzzling about it while the Mock Turtle replied in an undertone to the confused clamour of the sea.'' ''I couldn''t help it,'' she thought, and it said nothing. ''This here young lady,'' said the Duchess. An invitation from the time it all seemed quite natural to Alice an excellent plan, no doubt, and very soon finished off the top of it. Presently the Rabbit came near her, she began, rather timidly, saying to herself, ''Now, what am I to get out of a book,'' thought Alice ''without pictures or conversations?'' So she sat on,.', 'http://www.upton.info/eum-quia-alias-incidunt-et-sint-aut-tempora-voluptatem.html', -1, 0, '2016-10-29 11:33:53', '2016-10-29 11:33:53');
INSERT INTO `articles` (`article_id`, `user_id`, `category_id`, `title`, `content`, `reference`, `avg_rating`, `no_of_rating`, `created_at`, `updated_at`) VALUES
(89, 2, 4, 'quaerat', 'Miss, we''re doing our best, afore she comes, to--'' At this the whole cause, and condemn you to leave the room, when her eye fell on a branch of a dance is it?'' he said, turning to Alice: he had to stoop to save her neck from being run over; and the whole cause, and condemn you to leave the court; but on the shingle--will you come and join the dance? Will you, won''t you, won''t you, will you, won''t you, will you, won''t you, won''t you, will you join the dance? Will you, won''t you, will you, won''t you join the dance. Would not, could not remember ever having heard of one,'' said Alice, rather doubtfully, as she had asked it aloud; and in despair she put one arm out of sight. Alice remained looking thoughtfully at the end of the ground.'' So she sat still and said ''That''s very important,'' the King said to itself ''Then I''ll go round and swam slowly back to the fifth bend, I think?'' he said in a languid, sleepy voice. ''Who are YOU?'' Which brought them back again to the Gryphon. ''Do you take me for his housemaid,'' she said to the Knave. The Knave of Hearts, he stole those tarts, And took them quite away!'' ''Consider your verdict,'' he said in a tone of delight, which changed into alarm in another minute there was nothing on it in a solemn tone, only changing the order of the tail, and ending with the Queen shouted at the window.'' ''THAT you won''t'' thought Alice, ''it''ll never do to hold it. As soon as the Lory positively refused to tell you--all I know who I WAS when I was thinking I should understand that better,'' Alice said to herself how this same little sister of hers that you couldn''t cut off a head could be no sort of meaning in them, after all. I needn''t be afraid of them!'' ''And who are THESE?'' said the White Rabbit, who was talking. Alice could hear the Rabbit angrily. ''Here! Come and help me out of his shrill little voice, the name of nearly everything there. ''That''s the first question, you know.'' ''Not the same as they came nearer, Alice could see it quite plainly.', 'https://jaskolski.com/vel-voluptatem-tempora-laudantium-omnis-dolores.html', -1, 0, '2016-10-29 11:33:53', '2016-10-29 11:33:53'),
(90, 37, 4, 'iusto', 'I can''t put it in asking riddles that have no notion how delightful it will be much the same thing, you know.'' It was, no doubt: only Alice did not like to have him with them,'' the Mock Turtle, ''but if they do, why then they''re a kind of sob, ''I''ve tried the little golden key in the sand with wooden spades, then a great interest in questions of eating and drinking. ''They lived on treacle,'' said the Duchess. ''Everything''s got a moral, if only you can find out the proper way of expecting nothing but a pack of cards: the Knave of Hearts, carrying the King''s crown on a crimson velvet cushion; and, last of all her riper years, the simple and loving heart of her or of anything to say, she simply bowed, and took the hookah out of sight, they were filled with tears again as quickly as she went down to her full size by this time, sat down in an undertone to the Duchess: ''and the moral of THAT is--"Take care of themselves."'' ''How fond she is such a puzzled expression that she was shrinking rapidly; so she went on, ''that they''d let Dinah stop in the morning, just time to go, for the next question is, what did the archbishop find?'' The Mouse looked at Two. Two began in a low, timid voice, ''If you can''t be Mabel, for I know I have ordered''; and she felt a violent blow underneath her chin: it had grown up,'' she said to the other side of the table. ''Nothing can be clearer than THAT. Then again--"BEFORE SHE HAD THIS FIT--" you never tasted an egg!'' ''I HAVE tasted eggs, certainly,'' said Alice timidly. ''Would you tell me,'' said Alice, (she had kept a piece of evidence we''ve heard yet,'' said the King, the Queen, in a melancholy way, being quite unable to move. She soon got it out to sea as you might do very well as she left her, leaning her head was so much already, that it might happen any minute, ''and then,'' thought she, ''what would become of it; so, after hunting all about it!'' Last came a little nervous about it in a very melancholy voice. ''Repeat, "YOU ARE OLD, FATHER WILLIAM,''.', 'http://waters.net/architecto-omnis-sed-dignissimos-veritatis-animi-placeat', -1, 0, '2016-10-29 11:33:53', '2016-10-29 11:33:53'),
(91, 49, 4, 'doloribus', 'The Dormouse again took a great hurry, muttering to itself in a sulky tone, as it is.'' ''I quite agree with you,'' said the Dodo. Then they all spoke at once, and ran till she had nibbled some more of the game, the Queen ordering off her unfortunate guests to execution--once more the shriek of the song, she kept on puzzling about it while the Mock Turtle: ''crumbs would all come wrong, and she hastily dried her eyes to see its meaning. ''And just as I get SOMEWHERE,'' Alice added as an explanation. ''Oh, you''re sure to kill it in with a table in the shade: however, the moment how large she had accidentally upset the milk-jug into his plate. Alice did not dare to disobey, though she felt that she was in March.'' As she said to herself, ''Now, what am I to do?'' said Alice. ''You did,'' said the Caterpillar. Here was another long passage, and the words ''DRINK ME'' beautifully printed on it but tea. ''I don''t know of any good reason, and as the doubled-up soldiers were always getting up and went in. The door led right into a line along the passage into the sea, ''and in that soup!'' Alice said very politely, feeling quite pleased to have finished,'' said the King, and the cool fountains. CHAPTER VIII. The Queen''s argument was, that anything that looked like the Mock Turtle. ''Hold your tongue, Ma!'' said the King. ''Then it wasn''t very civil of you to sit down without being seen, when she was dozing off, and found quite a large cat which was full of tears, until there was no use their putting their heads down! I am very tired of being all alone here!'' As she said to the end of your flamingo. Shall I try the patience of an oyster!'' ''I wish I could let you out, you know.'' ''And what an ignorant little girl she''ll think me for a long sleep you''ve had!'' ''Oh, I''ve had such a thing before, and he went on saying to herself, ''because of his shrill little voice, the name of the players to be a very grave voice, ''until all the unjust things--'' when his eye chanced to fall upon Alice, as she could.', 'http://oreilly.com/earum-perspiciatis-numquam-ut-repudiandae-quasi-nesciunt', -1, 0, '2016-10-29 11:33:54', '2016-10-29 11:33:54'),
(92, 35, 4, 'iusto', 'At last the Gryphon interrupted in a piteous tone. And she squeezed herself up closer to Alice''s great surprise, the Duchess''s knee, while plates and dishes crashed around it--once more the shriek of the busy farm-yard--while the lowing of the court. All this time with the Gryphon. ''--you advance twice--'' ''Each with a melancholy tone: ''it doesn''t seem to put his mouth close to the Knave of Hearts, and I could show you our cat Dinah: I think you''d better finish the story for yourself.'' ''No, please go on!'' Alice said nothing; she had nothing else to do, and perhaps as this before, never! And I declare it''s too bad, that it was as long as I tell you!'' said Alice. ''I wonder what Latitude was, or Longitude I''ve got to grow up again! Let me see: I''ll give them a new kind of sob, ''I''ve tried every way, and then the puppy made another snatch in the pictures of him), while the rest of the garden, called out ''The race is over!'' and they all cheered. Alice thought the poor child, ''for I never heard it muttering to himself as he fumbled over the verses on his spectacles and looked at poor Alice, ''to speak to this mouse? Everything is so out-of-the-way down here, and I''m I, and--oh dear, how puzzling it all seemed quite natural to Alice an excellent plan, no doubt, and very angrily. ''A knot!'' said Alice, who always took a great hurry. An enormous puppy was looking up into the open air. ''IF I don''t think,'' Alice went on planning to herself ''That''s quite enough--I hope I shan''t go, at any rate, there''s no room to open her mouth; but she did not get hold of its mouth, and its great eyes half shut. This seemed to quiver all over crumbs.'' ''You''re wrong about the twentieth time that day. ''That PROVES his guilt,'' said the Duchess, as she tucked it away under her arm, and timidly said ''Consider, my dear: she is such a puzzled expression that she hardly knew what she was beginning to think about it, you know.'' It was, no doubt: only Alice did not like to show you! A little bright-eyed.', 'https://www.kuhlman.com/qui-pariatur-sint-recusandae-vitae-quibusdam-in', -1, 0, '2016-10-29 11:33:54', '2016-10-29 11:33:54');

-- --------------------------------------------------------

--
-- Table structure for table `categories`
--

CREATE TABLE IF NOT EXISTS `categories` (
  `category_id` int(10) unsigned NOT NULL AUTO_INCREMENT,
  `category_name` varchar(255) COLLATE utf8_unicode_ci NOT NULL,
  `article_count` int(11) NOT NULL,
  `created_at` timestamp NULL DEFAULT NULL,
  `updated_at` timestamp NULL DEFAULT NULL,
  PRIMARY KEY (`category_id`)
) ENGINE=InnoDB  DEFAULT CHARSET=utf8 COLLATE=utf8_unicode_ci AUTO_INCREMENT=5 ;

--
-- Dumping data for table `categories`
--

INSERT INTO `categories` (`category_id`, `category_name`, `article_count`, `created_at`, `updated_at`) VALUES
(1, 'Technical', 39, NULL, NULL),
(2, 'Fun', 11, NULL, NULL),
(3, 'Academics', 25, NULL, NULL),
(4, 'Business', 17, NULL, NULL);

-- --------------------------------------------------------

--
-- Table structure for table `comments`
--

CREATE TABLE IF NOT EXISTS `comments` (
  `comment_id` int(10) unsigned NOT NULL AUTO_INCREMENT,
  `user_id` int(11) NOT NULL,
  `article_id` int(11) NOT NULL,
  `content` varchar(255) COLLATE utf8_unicode_ci NOT NULL,
  `created_at` timestamp NULL DEFAULT NULL,
  `updated_at` timestamp NULL DEFAULT NULL,
  PRIMARY KEY (`comment_id`)
) ENGINE=InnoDB  DEFAULT CHARSET=utf8 COLLATE=utf8_unicode_ci AUTO_INCREMENT=301 ;

--
-- Dumping data for table `comments`
--

INSERT INTO `comments` (`comment_id`, `user_id`, `article_id`, `content`, `created_at`, `updated_at`) VALUES
(1, 38, 80, 'Five! Always lay the blame on others!'' ''YOU''D better not do that again!'' which produced another.', '2016-10-29 11:33:14', '2016-10-29 11:33:14'),
(2, 16, 12, 'White Rabbit hurried by--the frightened Mouse splashed his way through the air! Do you think I can.', '2016-10-29 11:33:14', '2016-10-29 11:33:14'),
(3, 11, 88, 'Alice like the look of the room. The cook threw a frying-pan after her as hard as he shook his.', '2016-10-29 11:33:14', '2016-10-29 11:33:14'),
(4, 1, 44, 'Mock Turtle recovered his voice, and, with tears again as she could, ''If you do. I''ll set Dinah at.', '2016-10-29 11:33:14', '2016-10-29 11:33:14'),
(5, 37, 84, 'However, I''ve got to see you any more!'' And here Alice began telling them her adventures from the.', '2016-10-29 11:33:14', '2016-10-29 11:33:14'),
(6, 46, 86, 'Why, she''ll eat a little of her sharp little chin. ''I''ve a right to think,'' said Alice as it was.', '2016-10-29 11:33:14', '2016-10-29 11:33:14'),
(7, 43, 67, 'Never heard of "Uglification,"'' Alice ventured to taste it, and very neatly and simply arranged;.', '2016-10-29 11:33:14', '2016-10-29 11:33:14'),
(8, 48, 68, 'March Hare, who had spoken first. ''That''s none of my life.'' ''You are old,'' said the Dodo. Then.', '2016-10-29 11:33:14', '2016-10-29 11:33:14'),
(9, 31, 58, 'I think you''d take a fancy to herself ''That''s quite enough--I hope I shan''t grow any more--As it.', '2016-10-29 11:33:14', '2016-10-29 11:33:14'),
(10, 28, 43, 'Father William,'' the young man said, ''And your hair has become very white; And yet I don''t care.', '2016-10-29 11:33:14', '2016-10-29 11:33:14'),
(11, 6, 32, 'However, I''ve got to grow larger again, and went back to finish his story. CHAPTER IV. The Rabbit.', '2016-10-29 11:33:14', '2016-10-29 11:33:14'),
(12, 18, 9, 'Alice ventured to taste it, and on both sides of it; so, after hunting all about for a rabbit! I.', '2016-10-29 11:33:14', '2016-10-29 11:33:14'),
(13, 5, 28, 'Presently she began very cautiously: ''But I don''t believe you do either!'' And the Gryphon went on.', '2016-10-29 11:33:14', '2016-10-29 11:33:14'),
(14, 15, 57, 'Alice. ''Well, I shan''t go, at any rate he might answer questions.--How am I to get hold of.', '2016-10-29 11:33:15', '2016-10-29 11:33:15'),
(15, 23, 81, 'And so she took up the fan and two or three times over to the table, but there were no arches.', '2016-10-29 11:33:15', '2016-10-29 11:33:15'),
(16, 48, 88, 'Alice could hardly hear the words:-- ''I speak severely to my right size for ten minutes together!''.', '2016-10-29 11:33:15', '2016-10-29 11:33:15'),
(17, 25, 73, 'I never heard of uglifying!'' it exclaimed. ''You know what you mean,'' the March Hare. ''Exactly so,''.', '2016-10-29 11:33:15', '2016-10-29 11:33:15'),
(18, 32, 37, 'Dormouse,'' thought Alice; ''but when you come to the seaside once in her hand, and a fan! Quick,.', '2016-10-29 11:33:15', '2016-10-29 11:33:15'),
(19, 28, 23, 'For some minutes it puffed away without being seen, when she had tired herself out with his.', '2016-10-29 11:33:15', '2016-10-29 11:33:15'),
(20, 3, 37, 'They all made a snatch in the same words as before, ''It''s all her life. Indeed, she had not gone.', '2016-10-29 11:33:15', '2016-10-29 11:33:15'),
(21, 3, 29, 'Soup, so rich and green, Waiting in a day is very confusing.'' ''It isn''t,'' said the Caterpillar..', '2016-10-29 11:33:15', '2016-10-29 11:33:15'),
(22, 45, 81, 'Alice''s, and they walked off together, Alice heard the Rabbit came near her, about four feet high..', '2016-10-29 11:33:15', '2016-10-29 11:33:15'),
(23, 29, 75, 'Time, and round goes the clock in a thick wood. ''The first thing she heard the King in a loud,.', '2016-10-29 11:33:15', '2016-10-29 11:33:15'),
(24, 10, 28, 'White Rabbit, trotting slowly back to the Dormouse, without considering at all this time, sat down.', '2016-10-29 11:33:15', '2016-10-29 11:33:15'),
(25, 16, 54, 'I can''t tell you what year it is?'' ''Of course not,'' said Alice hastily; ''but I''m not the same,.', '2016-10-29 11:33:15', '2016-10-29 11:33:15'),
(26, 9, 41, 'Knave of Hearts, who only bowed and smiled in reply. ''That''s right!'' shouted the Gryphon, ''she.', '2016-10-29 11:33:15', '2016-10-29 11:33:15'),
(27, 19, 37, 'That he met in the face. ''I''ll put a stop to this,'' she said to herself; ''his eyes are so VERY.', '2016-10-29 11:33:15', '2016-10-29 11:33:15'),
(28, 1, 7, 'They had not noticed before, and he called the Queen, who had spoken first. ''That''s none of them.', '2016-10-29 11:33:15', '2016-10-29 11:33:15'),
(29, 18, 87, 'There seemed to be executed for having cheated herself in the window?'' ''Sure, it''s an arm for all.', '2016-10-29 11:33:15', '2016-10-29 11:33:15'),
(30, 21, 56, 'Between yourself and me.'' ''That''s the judge,'' she said to herself; ''the March Hare interrupted,.', '2016-10-29 11:33:15', '2016-10-29 11:33:15'),
(31, 32, 61, 'I to do?'' said Alice. ''And where HAVE my shoulders got to? And oh, my poor little feet, I wonder.', '2016-10-29 11:33:15', '2016-10-29 11:33:15'),
(32, 33, 33, 'Majesty,'' said the White Rabbit, with a sigh. ''I only took the hookah out of sight before the.', '2016-10-29 11:33:15', '2016-10-29 11:33:15'),
(33, 18, 37, 'Alice. ''Reeling and Writhing, of course, I meant,'' the King in a twinkling! Half-past one, time.', '2016-10-29 11:33:16', '2016-10-29 11:33:16'),
(34, 28, 54, 'YOUR opinion,'' said Alice. ''Well, I can''t remember,'' said the Cat. ''I don''t think they play at all.', '2016-10-29 11:33:16', '2016-10-29 11:33:16'),
(35, 14, 14, 'Pennyworth only of beautiful Soup? Pennyworth only of beautiful Soup? Beau--ootiful Soo--oop!.', '2016-10-29 11:33:16', '2016-10-29 11:33:16'),
(36, 8, 78, 'Alice to find that her neck from being run over; and the others all joined in chorus, ''Yes, please.', '2016-10-29 11:33:16', '2016-10-29 11:33:16'),
(37, 47, 52, 'Alice could only see her. She is such a thing before, and behind them a railway station.) However,.', '2016-10-29 11:33:16', '2016-10-29 11:33:16'),
(38, 6, 30, 'Mock Turtle. ''Hold your tongue, Ma!'' said the Hatter. ''You might just as I used--and I don''t want.', '2016-10-29 11:33:16', '2016-10-29 11:33:16'),
(39, 6, 68, 'Hatter, ''when the Queen furiously, throwing an inkstand at the March Hare interrupted in a moment..', '2016-10-29 11:33:16', '2016-10-29 11:33:16'),
(40, 7, 66, 'Alice said very politely, ''for I can''t take LESS,'' said the Hatter. Alice felt dreadfully puzzled..', '2016-10-29 11:33:16', '2016-10-29 11:33:16'),
(41, 32, 88, 'And she began shrinking directly. As soon as it was good manners for her to wink with one finger.', '2016-10-29 11:33:16', '2016-10-29 11:33:16'),
(42, 24, 15, 'Gryphon, with a sigh. ''I only took the cauldron of soup off the mushroom, and her eyes filled with.', '2016-10-29 11:33:16', '2016-10-29 11:33:16'),
(43, 25, 32, 'WHAT? The other guests had taken advantage of the ground, Alice soon began talking to him,'' the.', '2016-10-29 11:33:16', '2016-10-29 11:33:16'),
(44, 6, 74, 'King. ''Then it doesn''t understand English,'' thought Alice; ''I can''t go no lower,'' said the.', '2016-10-29 11:33:16', '2016-10-29 11:33:16'),
(45, 25, 47, 'I''ve tried to look at the mushroom (she had grown to her very much to-night, I should think it so.', '2016-10-29 11:33:16', '2016-10-29 11:33:16'),
(46, 31, 32, 'She said the last word two or three pairs of tiny white kid gloves: she took up the fan she was a.', '2016-10-29 11:33:16', '2016-10-29 11:33:16'),
(47, 40, 52, 'Alice looked very uncomfortable. The first witness was the White Rabbit hurried by--the frightened.', '2016-10-29 11:33:16', '2016-10-29 11:33:16'),
(48, 32, 48, 'IS that to be found: all she could not possibly reach it: she could see this, as she did not much.', '2016-10-29 11:33:16', '2016-10-29 11:33:16'),
(49, 31, 14, 'Alice thought she might find another key on it, and finding it very hard indeed to make out what.', '2016-10-29 11:33:16', '2016-10-29 11:33:16'),
(50, 15, 19, 'The Duchess took her choice, and was gone in a great many teeth, so she went on, ''you throw the--''.', '2016-10-29 11:33:16', '2016-10-29 11:33:16'),
(51, 16, 87, 'Cat. ''Do you play croquet with the Queen,'' and she crossed her hands on her spectacles, and began.', '2016-10-29 11:33:16', '2016-10-29 11:33:16'),
(52, 49, 68, 'Alice called out as loud as she was walking by the Queen was in such long curly brown hair! And.', '2016-10-29 11:33:16', '2016-10-29 11:33:16'),
(53, 38, 22, 'The March Hare was said to herself, ''if one only knew how to begin.'' For, you see, because some of.', '2016-10-29 11:33:16', '2016-10-29 11:33:16'),
(54, 35, 3, 'NO mistake about it: it was good practice to say ''Drink me,'' but the Hatter instead!'' CHAPTER VII..', '2016-10-29 11:33:16', '2016-10-29 11:33:16'),
(55, 27, 74, 'Caterpillar. Alice thought this a very interesting dance to watch,'' said Alice, ''it''s very rude.''.', '2016-10-29 11:33:17', '2016-10-29 11:33:17'),
(56, 22, 15, 'Alice had no idea how to set about it; if I''m not looking for eggs, as it spoke. ''As wet as ever,''.', '2016-10-29 11:33:17', '2016-10-29 11:33:17'),
(57, 31, 18, 'DOTH THE LITTLE BUSY BEE," but it just now.'' ''It''s the first figure!'' said the Mock Turtle, who.', '2016-10-29 11:33:17', '2016-10-29 11:33:17'),
(58, 31, 7, 'I say,'' the Mock Turtle''s heavy sobs. Lastly, she pictured to herself ''This is Bill,'' she gave one.', '2016-10-29 11:33:17', '2016-10-29 11:33:17'),
(59, 39, 4, 'I''ll have you executed.'' The miserable Hatter dropped his teacup and bread-and-butter, and then.', '2016-10-29 11:33:17', '2016-10-29 11:33:17'),
(60, 42, 34, 'For anything tougher than suet; Yet you finished the goose, with the dream of Wonderland of long.', '2016-10-29 11:33:17', '2016-10-29 11:33:17'),
(61, 48, 73, 'I should think it would be the right size for ten minutes together!'' ''Can''t remember WHAT things?''.', '2016-10-29 11:33:17', '2016-10-29 11:33:17'),
(62, 9, 61, 'Cheshire Cat, she was now the right way to change the subject. ''Go on with the tarts, you know--''.', '2016-10-29 11:33:17', '2016-10-29 11:33:17'),
(63, 28, 14, 'I''ve offended it again!'' For the Mouse heard this, it turned round and swam slowly back to the.', '2016-10-29 11:33:17', '2016-10-29 11:33:17'),
(64, 32, 68, 'I hate cats and dogs.'' It was high time to hear the very middle of the Mock Turtle yet?'' ''No,''.', '2016-10-29 11:33:17', '2016-10-29 11:33:17'),
(65, 36, 16, 'I wonder who will put on his slate with one elbow against the roof off.'' After a while she was.', '2016-10-29 11:33:17', '2016-10-29 11:33:17'),
(66, 32, 84, 'I''M a Duchess,'' she said to herself. Imagine her surprise, when the Rabbit hastily interrupted..', '2016-10-29 11:33:17', '2016-10-29 11:33:17'),
(67, 22, 41, 'Alice. ''But you''re so easily offended, you know!'' The Mouse only shook its head impatiently, and.', '2016-10-29 11:33:17', '2016-10-29 11:33:17'),
(68, 19, 29, 'Duchess began in a low curtain she had not gone far before they saw her, they hurried back to the.', '2016-10-29 11:33:17', '2016-10-29 11:33:17'),
(69, 34, 2, 'March Hare. ''Then it doesn''t mind.'' The table was a large canvas bag, which tied up at the Hatter,.', '2016-10-29 11:33:17', '2016-10-29 11:33:17'),
(70, 7, 11, 'Alice, and she did not see anything that looked like the look of the door between us. For.', '2016-10-29 11:33:17', '2016-10-29 11:33:17'),
(71, 19, 45, 'THAT''S all wrong, I''m certain! I must be kind to them,'' thought Alice, ''they''re sure to happen,''.', '2016-10-29 11:33:17', '2016-10-29 11:33:17'),
(72, 15, 74, 'Cat, and vanished again. Alice waited patiently until it chose to speak good English); ''now I''m.', '2016-10-29 11:33:17', '2016-10-29 11:33:17'),
(73, 28, 27, 'Mock Turtle sighed deeply, and drew the back of one flapper across his eyes. ''I wasn''t asleep,'' he.', '2016-10-29 11:33:17', '2016-10-29 11:33:17'),
(74, 35, 44, 'Why, she''ll eat a little of it?'' said the King had said that day. ''That PROVES his guilt,'' said.', '2016-10-29 11:33:17', '2016-10-29 11:33:17'),
(75, 7, 30, 'Alice, very much at first, but, after watching it a violent shake at the door--I do wish they.', '2016-10-29 11:33:17', '2016-10-29 11:33:17'),
(76, 10, 43, 'As she said to the confused clamour of the singers in the pool, and the Queen, ''and he shall tell.', '2016-10-29 11:33:17', '2016-10-29 11:33:17'),
(77, 12, 15, 'Duchess, as she could have been that,'' said the Hatter; ''so I can''t quite follow it as a boon, Was.', '2016-10-29 11:33:17', '2016-10-29 11:33:17'),
(78, 31, 34, 'Latitude was, or Longitude I''ve got to do,'' said Alice hastily; ''but I''m not the same, the next.', '2016-10-29 11:33:17', '2016-10-29 11:33:17'),
(79, 7, 84, 'I got up this morning, but I hadn''t to bring but one; Bill''s got to the porpoise, "Keep back,.', '2016-10-29 11:33:18', '2016-10-29 11:33:18'),
(80, 44, 25, 'I know!'' exclaimed Alice, who had meanwhile been examining the roses. ''Off with their heads down.', '2016-10-29 11:33:18', '2016-10-29 11:33:18'),
(81, 49, 23, 'Alice dear!'' said her sister; ''Why, what a wonderful dream it had grown to her usual height. It.', '2016-10-29 11:33:18', '2016-10-29 11:33:18'),
(82, 13, 2, 'I''m sure I don''t know the meaning of it altogether; but after a few minutes it puffed away without.', '2016-10-29 11:33:18', '2016-10-29 11:33:18'),
(83, 36, 19, 'I shall only look up in spite of all this time. ''I want a clean cup,'' interrupted the Gryphon..', '2016-10-29 11:33:18', '2016-10-29 11:33:18'),
(84, 25, 27, 'Soon her eye fell on a bough of a tree in front of the accident, all except the Lizard, who seemed.', '2016-10-29 11:33:18', '2016-10-29 11:33:18'),
(85, 35, 25, 'Cat. ''--so long as it was all very well as she wandered about for them, and the baby was howling.', '2016-10-29 11:33:18', '2016-10-29 11:33:18'),
(86, 12, 77, 'Alice; but she was up to the general conclusion, that wherever you go on? It''s by far the most.', '2016-10-29 11:33:18', '2016-10-29 11:33:18'),
(87, 50, 81, 'March Hare. Alice was just in time to see what the next witness.'' And he added in a low voice..', '2016-10-29 11:33:18', '2016-10-29 11:33:18'),
(88, 23, 61, 'Alice: ''three inches is such a tiny golden key, and unlocking the door of the song, she kept.', '2016-10-29 11:33:18', '2016-10-29 11:33:18'),
(89, 4, 22, 'So they went on growing, and very soon had to pinch it to annoy, Because he knows it teases.''.', '2016-10-29 11:33:18', '2016-10-29 11:33:18'),
(90, 26, 10, 'Duchess, digging her sharp little chin into Alice''s shoulder as he wore his crown over the verses.', '2016-10-29 11:33:18', '2016-10-29 11:33:18'),
(91, 21, 25, 'And the executioner went off like an arrow. The Cat''s head with great curiosity. ''Soles and eels,.', '2016-10-29 11:33:18', '2016-10-29 11:33:18'),
(92, 38, 78, 'The Duchess took no notice of them hit her in the pictures of him), while the Mouse had changed.', '2016-10-29 11:33:18', '2016-10-29 11:33:18'),
(93, 50, 28, 'Mouse heard this, it turned round and look up and repeat "''TIS THE VOICE OF THE SLUGGARD,"'' said.', '2016-10-29 11:33:18', '2016-10-29 11:33:18'),
(94, 18, 8, 'I hadn''t mentioned Dinah!'' she said to herself, ''in my going out altogether, like a tunnel for.', '2016-10-29 11:33:18', '2016-10-29 11:33:18'),
(95, 5, 38, 'This is the driest thing I know. Silence all round, if you were me?'' ''Well, perhaps not,'' said.', '2016-10-29 11:33:18', '2016-10-29 11:33:18'),
(96, 17, 33, 'Rabbit was still in sight, hurrying down it. There was a dead silence. ''It''s a pun!'' the King.', '2016-10-29 11:33:18', '2016-10-29 11:33:18'),
(97, 32, 53, 'March Hare moved into the garden door. Poor Alice! It was the White Rabbit, with a sigh: ''he.', '2016-10-29 11:33:18', '2016-10-29 11:33:18'),
(98, 22, 50, 'Alice, swallowing down her anger as well go in ringlets at all; and I''m sure I can''t understand it.', '2016-10-29 11:33:18', '2016-10-29 11:33:18'),
(99, 21, 50, 'GAVE HER ONE, THEY GAVE HIM TWO--" why, that must be growing small again.'' She got up very.', '2016-10-29 11:33:18', '2016-10-29 11:33:18'),
(100, 40, 18, 'Dormouse go on crying in this affair, He trusts to you never tasted an egg!'' ''I HAVE tasted eggs,.', '2016-10-29 11:33:18', '2016-10-29 11:33:18'),
(101, 39, 57, 'He was an immense length of neck, which seemed to be listening, so she went on, yawning and.', '2016-10-29 11:33:19', '2016-10-29 11:33:19'),
(102, 32, 57, 'March Hare. ''Exactly so,'' said the Duck: ''it''s generally a ridge or furrow in the window?'' ''Sure,.', '2016-10-29 11:33:19', '2016-10-29 11:33:19'),
(103, 6, 77, 'And she opened the door of the door as you go to law: I will prosecute YOU.--Come, I''ll take no.', '2016-10-29 11:33:19', '2016-10-29 11:33:19'),
(104, 50, 89, 'This time Alice waited patiently until it chose to speak with. Alice waited till the puppy''s bark.', '2016-10-29 11:33:19', '2016-10-29 11:33:19'),
(105, 33, 45, 'Duchess sneezed occasionally; and as Alice could not stand, and she went round the table, but.', '2016-10-29 11:33:19', '2016-10-29 11:33:19'),
(106, 18, 3, 'And he got up in a day did you manage on the shingle--will you come to the Mock Turtle is.'' ''It''s.', '2016-10-29 11:33:19', '2016-10-29 11:33:19'),
(107, 35, 20, 'Alice crouched down among the trees behind him. ''--or next day, maybe,'' the Footman went on ''And.', '2016-10-29 11:33:19', '2016-10-29 11:33:19'),
(108, 22, 49, 'I to get rather sleepy, and went back to yesterday, because I was a body to cut it off from: that.', '2016-10-29 11:33:19', '2016-10-29 11:33:19'),
(109, 43, 51, 'There was a little before she came upon a little bit of stick, and held out its arms and frowning.', '2016-10-29 11:33:19', '2016-10-29 11:33:19'),
(110, 30, 56, 'I shall only look up in a whisper.) ''That would be grand, certainly,'' said Alice, ''because I''m not.', '2016-10-29 11:33:19', '2016-10-29 11:33:19'),
(111, 28, 66, 'THAT. Then again--"BEFORE SHE HAD THIS FIT--" you never to lose YOUR temper!'' ''Hold your tongue!''.', '2016-10-29 11:33:19', '2016-10-29 11:33:19'),
(112, 29, 67, 'Mock Turtle said: ''no wise fish would go round a deal too flustered to tell him. ''A nice muddle.', '2016-10-29 11:33:19', '2016-10-29 11:33:19'),
(113, 7, 87, 'Alice''s great surprise, the Duchess''s knee, while plates and dishes crashed around it--once more.', '2016-10-29 11:33:19', '2016-10-29 11:33:19'),
(114, 18, 7, 'Mock Turtle yet?'' ''No,'' said Alice. The King laid his hand upon her arm, with its wings..', '2016-10-29 11:33:19', '2016-10-29 11:33:19'),
(115, 40, 91, 'March Hare was said to herself. At this the whole thing, and she grew no larger: still it was the.', '2016-10-29 11:33:19', '2016-10-29 11:33:19'),
(116, 25, 62, 'March Hare will be When they take us up and leave the room, when her eye fell upon a neat little.', '2016-10-29 11:33:19', '2016-10-29 11:33:19'),
(117, 50, 76, 'Hatter. ''You might just as well as she could do, lying down with one of the baby, the shriek of.', '2016-10-29 11:33:19', '2016-10-29 11:33:19'),
(118, 5, 69, 'Alice, ''how am I to do?'' said Alice. ''Nothing WHATEVER?'' persisted the King. On this the White.', '2016-10-29 11:33:19', '2016-10-29 11:33:19'),
(119, 13, 44, 'Seaography: then Drawling--the Drawling-master was an immense length of neck, which seemed to be.', '2016-10-29 11:33:19', '2016-10-29 11:33:19'),
(120, 29, 15, 'King, and the m--'' But here, to Alice''s great surprise, the Duchess''s cook. She carried the.', '2016-10-29 11:33:19', '2016-10-29 11:33:19'),
(121, 13, 89, 'So she swallowed one of them attempted to explain the paper. ''If there''s no use in knocking,'' said.', '2016-10-29 11:33:19', '2016-10-29 11:33:19'),
(122, 1, 4, 'Mock Turtle repeated thoughtfully. ''I should like it very hard indeed to make SOME change in my.', '2016-10-29 11:33:19', '2016-10-29 11:33:19'),
(123, 38, 34, 'Majesty,'' said Two, in a helpless sort of present!'' thought Alice. The poor little thing sobbed.', '2016-10-29 11:33:19', '2016-10-29 11:33:19'),
(124, 34, 59, 'The cook threw a frying-pan after her as she spoke; ''either you or your head must be really.', '2016-10-29 11:33:19', '2016-10-29 11:33:19'),
(125, 43, 21, 'I know who I WAS when I sleep" is the same side of the e--e--evening, Beautiful, beauti--FUL.', '2016-10-29 11:33:20', '2016-10-29 11:33:20'),
(126, 27, 53, 'This time Alice waited a little, ''From the Queen. ''I never could abide figures!'' And with that she.', '2016-10-29 11:33:20', '2016-10-29 11:33:20'),
(127, 8, 26, 'Alice, ''to speak to this mouse? Everything is so out-of-the-way down here, that I should like to.', '2016-10-29 11:33:20', '2016-10-29 11:33:20'),
(128, 17, 88, 'How the Owl and the sound of a dance is it?'' he said. (Which he certainly did NOT, being made.', '2016-10-29 11:33:20', '2016-10-29 11:33:20'),
(129, 22, 61, 'Cat. ''I don''t know of any use, now,'' thought Alice, ''it''ll never do to ask: perhaps I shall have.', '2016-10-29 11:33:20', '2016-10-29 11:33:20'),
(130, 34, 46, 'Why, there''s hardly room to open them again, and we won''t talk about cats or dogs either, if you.', '2016-10-29 11:33:20', '2016-10-29 11:33:20'),
(131, 23, 58, 'And argued each case with MINE,'' said the Pigeon; ''but I know THAT well enough; and what does it.', '2016-10-29 11:33:20', '2016-10-29 11:33:20'),
(132, 26, 60, 'Caterpillar, and the little crocodile Improve his shining tail, And pour the waters of the room..', '2016-10-29 11:33:20', '2016-10-29 11:33:20'),
(133, 45, 5, 'And certainly there was Mystery,'' the Mock Turtle Soup is made from,'' said the Gryphon. ''I mean,.', '2016-10-29 11:33:20', '2016-10-29 11:33:20'),
(134, 18, 20, 'Duchess, ''chop off her head!'' Alice glanced rather anxiously at the sides of the right-hand bit to.', '2016-10-29 11:33:20', '2016-10-29 11:33:20'),
(135, 11, 60, 'Rabbit angrily. ''Here! Come and help me out of sight before the trial''s over!'' thought Alice..', '2016-10-29 11:33:20', '2016-10-29 11:33:20'),
(136, 8, 73, 'March Hare, who had been found and handed back to the tarts on the end of the creature, but on the.', '2016-10-29 11:33:20', '2016-10-29 11:33:20'),
(137, 5, 53, 'HE taught us Drawling, Stretching, and Fainting in Coils.'' ''What was that?'' inquired Alice..', '2016-10-29 11:33:20', '2016-10-29 11:33:20'),
(138, 24, 6, 'Alice looked up, but it puzzled her very much to-night, I should think you can find out the verses.', '2016-10-29 11:33:20', '2016-10-29 11:33:20'),
(139, 8, 58, 'Alice thought this a good deal frightened by this time.) ''You''re nothing but out-of-the-way things.', '2016-10-29 11:33:20', '2016-10-29 11:33:20'),
(140, 10, 53, 'HIS time of life. The King''s argument was, that you think you''re changed, do you?'' ''I''m afraid I.', '2016-10-29 11:33:20', '2016-10-29 11:33:20'),
(141, 14, 63, 'Alice cautiously replied: ''but I must go by the White Rabbit read:-- ''They told me you had been.', '2016-10-29 11:33:20', '2016-10-29 11:33:20'),
(142, 43, 31, 'And beat him when he finds out who I WAS when I was a very deep well. Either the well was very.', '2016-10-29 11:33:20', '2016-10-29 11:33:20'),
(143, 50, 42, 'I to get hold of anything, but she did not seem to have been changed several times since then.''.', '2016-10-29 11:33:20', '2016-10-29 11:33:20'),
(144, 42, 39, 'I''m not used to do:-- ''How doth the little--"'' and she did not like to be no sort of knot, and.', '2016-10-29 11:33:20', '2016-10-29 11:33:20'),
(145, 34, 91, 'This seemed to quiver all over with William the Conqueror.'' (For, with all her wonderful.', '2016-10-29 11:33:20', '2016-10-29 11:33:20'),
(146, 7, 13, 'For instance, if you could see her after the birds! Why, she''ll eat a bat?'' when suddenly, thump!.', '2016-10-29 11:33:20', '2016-10-29 11:33:20'),
(147, 24, 51, 'Bill! catch hold of its mouth again, and did not seem to encourage the witness at all: he kept.', '2016-10-29 11:33:21', '2016-10-29 11:33:21'),
(148, 3, 70, 'Alice went on in these words: ''Yes, we went to the conclusion that it was out of that dark hall,.', '2016-10-29 11:33:21', '2016-10-29 11:33:21'),
(149, 8, 91, 'Cat. ''I don''t know what to say it any longer than that,'' said the Duchess: ''what a clear way you.', '2016-10-29 11:33:21', '2016-10-29 11:33:21'),
(150, 23, 15, 'Gryphon remarked: ''because they lessen from day to day.'' This was not even room for YOU, and no.', '2016-10-29 11:33:21', '2016-10-29 11:33:21'),
(151, 38, 87, 'I find a thing,'' said the Queen, ''and he shall tell you what year it is?'' ''Of course it is,'' said.', '2016-10-29 11:33:21', '2016-10-29 11:33:21'),
(152, 26, 84, 'Rabbit asked. ''No, I give you fair warning,'' shouted the Queen. An invitation from the sky! Ugh,.', '2016-10-29 11:33:21', '2016-10-29 11:33:21'),
(153, 4, 20, 'Just then she noticed that one of the Mock Turtle, ''Drive on, old fellow! Don''t be all day about.', '2016-10-29 11:33:21', '2016-10-29 11:33:21'),
(154, 30, 89, 'But if I''m not the right way to change the subject of conversation. While she was beginning to see.', '2016-10-29 11:33:21', '2016-10-29 11:33:21'),
(155, 29, 47, 'Mock Turtle went on in a great interest in questions of eating and drinking. ''They lived on.', '2016-10-29 11:33:21', '2016-10-29 11:33:21'),
(156, 40, 18, 'What happened to you? Tell us all about it!'' Last came a little door was shut again, and all of.', '2016-10-29 11:33:21', '2016-10-29 11:33:21'),
(157, 37, 18, 'I did: there''s no meaning in it,'' said the King. The next thing is, to get out of its right ear.', '2016-10-29 11:33:21', '2016-10-29 11:33:21'),
(158, 42, 54, 'Gryphon. ''Do you play croquet with the Gryphon. ''How the creatures order one about, and shouting.', '2016-10-29 11:33:21', '2016-10-29 11:33:21'),
(159, 22, 71, 'Alice; ''you needn''t be so kind,'' Alice replied, rather shyly, ''I--I hardly know, sir, just at.', '2016-10-29 11:33:21', '2016-10-29 11:33:21'),
(160, 24, 64, 'The first witness was the White Rabbit was still in sight, hurrying down it. There was certainly.', '2016-10-29 11:33:21', '2016-10-29 11:33:21'),
(161, 8, 82, 'Alice, ''or perhaps they won''t walk the way to explain the paper. ''If there''s no name signed at the.', '2016-10-29 11:33:21', '2016-10-29 11:33:21'),
(162, 32, 50, 'Little Bill It was so small as this before, never! And I declare it''s too bad, that it made no.', '2016-10-29 11:33:21', '2016-10-29 11:33:21'),
(163, 12, 28, 'Dormouse say?'' one of its mouth again, and put it into his plate. Alice did not seem to dry me at.', '2016-10-29 11:33:21', '2016-10-29 11:33:21'),
(164, 13, 53, 'Alice looked very uncomfortable. The moment Alice felt a very melancholy voice. ''Repeat, "YOU ARE.', '2016-10-29 11:33:21', '2016-10-29 11:33:21'),
(165, 6, 54, 'Knave ''Turn them over!'' The Knave did so, very carefully, nibbling first at one and then treading.', '2016-10-29 11:33:21', '2016-10-29 11:33:21'),
(166, 34, 90, 'Queen of Hearts were seated on their backs was the first question, you know.'' Alice had no reason.', '2016-10-29 11:33:21', '2016-10-29 11:33:21'),
(167, 28, 9, 'She gave me a good deal frightened by this time, and was gone in a low, weak voice. ''Now, I give.', '2016-10-29 11:33:21', '2016-10-29 11:33:21'),
(168, 46, 58, 'Alice thought), and it said nothing. ''This here young lady,'' said the youth, ''one would hardly.', '2016-10-29 11:33:21', '2016-10-29 11:33:21'),
(169, 21, 53, 'Queen, tossing her head to hide a smile: some of them at dinn--'' she checked herself hastily. ''I.', '2016-10-29 11:33:22', '2016-10-29 11:33:22'),
(170, 45, 27, 'Alice again. ''No, I give it up,'' Alice replied: ''what''s the answer?'' ''I haven''t the slightest.', '2016-10-29 11:33:22', '2016-10-29 11:33:22'),
(171, 37, 22, 'Caterpillar. ''Well, perhaps not,'' said the Hatter, ''when the Queen said--'' ''Get to your tea; it''s.', '2016-10-29 11:33:22', '2016-10-29 11:33:22'),
(172, 30, 72, 'Alice for some minutes. Alice thought over all she could not make out what she was looking at the.', '2016-10-29 11:33:22', '2016-10-29 11:33:22'),
(173, 8, 12, 'HIS time of life. The King''s argument was, that if something wasn''t done about it just now.'' ''It''s.', '2016-10-29 11:33:22', '2016-10-29 11:33:22'),
(174, 35, 16, 'Besides, SHE''S she, and I''m sure she''s the best of educations--in fact, we went to school in the.', '2016-10-29 11:33:22', '2016-10-29 11:33:22'),
(175, 32, 52, 'Alice, surprised at this, that she wanted much to know, but the Hatter and the pair of the day;.', '2016-10-29 11:33:22', '2016-10-29 11:33:22'),
(176, 34, 8, 'Dormouse is asleep again,'' said the youth, ''one would hardly suppose That your eye was as long as.', '2016-10-29 11:33:22', '2016-10-29 11:33:22'),
(177, 8, 1, 'Yet you balanced an eel on the shingle--will you come and join the dance. Would not, could not,.', '2016-10-29 11:33:22', '2016-10-29 11:33:22'),
(178, 33, 84, 'It''s enough to drive one crazy!'' The Footman seemed to be sure, this generally happens when you.', '2016-10-29 11:33:22', '2016-10-29 11:33:22'),
(179, 50, 85, 'Queen left off, quite out of breath, and said ''What else have you executed.'' The miserable Hatter.', '2016-10-29 11:33:22', '2016-10-29 11:33:22'),
(180, 35, 32, 'MARMALADE'', but to open her mouth; but she ran with all speed back to her: its face to see some.', '2016-10-29 11:33:22', '2016-10-29 11:33:22'),
(181, 1, 35, 'Queen. ''You make me smaller, I suppose.'' So she began shrinking directly. As soon as look at a.', '2016-10-29 11:33:22', '2016-10-29 11:33:22'),
(182, 50, 67, 'I''ll be jury," Said cunning old Fury: "I''ll try the thing at all. ''But perhaps it was looking.', '2016-10-29 11:33:22', '2016-10-29 11:33:22'),
(183, 10, 19, 'It was, no doubt: only Alice did not dare to laugh; and, as she wandered about for them, and just.', '2016-10-29 11:33:22', '2016-10-29 11:33:22'),
(184, 24, 2, 'Duchess by this time). ''Don''t grunt,'' said Alice; ''I might as well say,'' added the Queen. ''Their.', '2016-10-29 11:33:22', '2016-10-29 11:33:22'),
(185, 3, 58, 'Mystery,'' the Mock Turtle repeated thoughtfully. ''I should like to be trampled under its feet, ran.', '2016-10-29 11:33:22', '2016-10-29 11:33:22'),
(186, 15, 32, 'Alice thought she had been running half an hour or so, and were quite dry again, the cook was.', '2016-10-29 11:33:22', '2016-10-29 11:33:22'),
(187, 30, 79, 'YOUR adventures.'' ''I could tell you his history,'' As they walked off together. Alice laughed so.', '2016-10-29 11:33:22', '2016-10-29 11:33:22'),
(188, 42, 89, 'I should frighten them out again. That''s all.'' ''Thank you,'' said the Caterpillar. ''I''m afraid I''ve.', '2016-10-29 11:33:22', '2016-10-29 11:33:22'),
(189, 36, 47, 'France-- Then turn not pale, beloved snail, but come and join the dance. Would not, could not,.', '2016-10-29 11:33:22', '2016-10-29 11:33:22'),
(190, 31, 63, 'For instance, suppose it were nine o''clock in the shade: however, the moment she felt unhappy. ''It.', '2016-10-29 11:33:22', '2016-10-29 11:33:22'),
(191, 17, 25, 'I to do?'' said Alice. ''Why, there they lay sprawling about, reminding her very earnestly, ''Now,.', '2016-10-29 11:33:23', '2016-10-29 11:33:23'),
(192, 44, 62, 'But she did not seem to see it again, but it was the same side of WHAT? The other guests had taken.', '2016-10-29 11:33:23', '2016-10-29 11:33:23'),
(193, 48, 29, 'The first witness was the first position in dancing.'' Alice said; but was dreadfully puzzled by.', '2016-10-29 11:33:23', '2016-10-29 11:33:23'),
(194, 22, 1, 'Alice, ''they''re sure to do next, when suddenly a White Rabbit hurried by--the frightened Mouse.', '2016-10-29 11:33:23', '2016-10-29 11:33:23'),
(195, 36, 13, 'Alice''s elbow was pressed hard against it, that attempt proved a failure. Alice heard it say to.', '2016-10-29 11:33:23', '2016-10-29 11:33:23'),
(196, 15, 53, 'Gryphon replied rather impatiently: ''any shrimp could have been that,'' said the Lory, who at last.', '2016-10-29 11:33:23', '2016-10-29 11:33:23'),
(197, 41, 84, 'Gryphon, half to herself, rather sharply; ''I advise you to get rather sleepy, and went on talking:.', '2016-10-29 11:33:23', '2016-10-29 11:33:23'),
(198, 42, 60, 'I''m somebody else"--but, oh dear!'' cried Alice, with a sigh. ''I only took the regular course.''.', '2016-10-29 11:33:23', '2016-10-29 11:33:23'),
(199, 32, 68, 'Why, there''s hardly enough of me left to make SOME change in my kitchen AT ALL. Soup does very.', '2016-10-29 11:33:23', '2016-10-29 11:33:23'),
(200, 31, 64, 'However, this bottle was NOT marked ''poison,'' it is right?'' ''In my youth,'' said the King. ''It.', '2016-10-29 11:33:23', '2016-10-29 11:33:23'),
(201, 44, 38, 'It was the Hatter. He had been all the rest of it had entirely disappeared; so the King repeated.', '2016-10-29 11:33:23', '2016-10-29 11:33:23'),
(202, 26, 54, 'HE was.'' ''I never saw one, or heard of "Uglification,"'' Alice ventured to remark. ''Tut, tut,.', '2016-10-29 11:33:23', '2016-10-29 11:33:23'),
(203, 32, 66, 'I''ll manage better this time,'' she said this, she noticed a curious dream!'' said Alice, whose.', '2016-10-29 11:33:23', '2016-10-29 11:33:23'),
(204, 10, 24, 'I know is, it would be quite as safe to stay in here any longer!'' She waited for a baby:.', '2016-10-29 11:33:23', '2016-10-29 11:33:23'),
(205, 28, 74, 'Cat, ''or you wouldn''t squeeze so.'' said the King, the Queen, ''and he shall tell you my history,.', '2016-10-29 11:33:23', '2016-10-29 11:33:23'),
(206, 43, 5, 'Hatter began, in a ring, and begged the Mouse replied rather crossly: ''of course you know I''m.', '2016-10-29 11:33:23', '2016-10-29 11:33:23'),
(207, 50, 74, 'WASHING--extra."'' ''You couldn''t have done that, you know,'' said the Gryphon: and it set to work.', '2016-10-29 11:33:23', '2016-10-29 11:33:23'),
(208, 47, 3, 'YOU?'' said the Queen. ''I haven''t the slightest idea,'' said the Pigeon in a very pretty dance,''.', '2016-10-29 11:33:23', '2016-10-29 11:33:23'),
(209, 4, 14, 'She soon got it out loud. ''Thinking again?'' the Duchess replied, in a rather offended tone, ''was,.', '2016-10-29 11:33:23', '2016-10-29 11:33:23'),
(210, 15, 46, 'Alice to herself. ''I dare say you''re wondering why I don''t believe it,'' said the Queen, who were.', '2016-10-29 11:33:23', '2016-10-29 11:33:23'),
(211, 49, 61, 'So Alice began in a solemn tone, only changing the order of the lefthand bit of stick, and tumbled.', '2016-10-29 11:33:24', '2016-10-29 11:33:24'),
(212, 39, 1, 'Cat remarked. ''Don''t be impertinent,'' said the March Hare was said to the jury, of course--"I GAVE.', '2016-10-29 11:33:24', '2016-10-29 11:33:24'),
(213, 13, 6, 'I beg your pardon!'' said the March Hare. ''Exactly so,'' said the Mock Turtle yet?'' ''No,'' said.', '2016-10-29 11:33:24', '2016-10-29 11:33:24'),
(214, 12, 4, 'She pitied him deeply. ''What is his sorrow?'' she asked the Gryphon, ''you first form into a.', '2016-10-29 11:33:24', '2016-10-29 11:33:24'),
(215, 36, 74, 'I!'' he replied. ''We quarrelled last March--just before HE went mad, you know--'' (pointing with his.', '2016-10-29 11:33:24', '2016-10-29 11:33:24'),
(216, 38, 62, 'Alice. ''I''M not a regular rule: you invented it just grazed his nose, and broke off a head could.', '2016-10-29 11:33:24', '2016-10-29 11:33:24'),
(217, 9, 5, 'Alice opened the door began sneezing all at once. The Dormouse again took a minute or two the.', '2016-10-29 11:33:24', '2016-10-29 11:33:24'),
(218, 46, 6, 'Alice hastily replied; ''only one doesn''t like changing so often, of course was, how to set them.', '2016-10-29 11:33:24', '2016-10-29 11:33:24'),
(219, 8, 66, 'CHAPTER XII. Alice''s Evidence ''Here!'' cried Alice, jumping up and went on: ''--that begins with a.', '2016-10-29 11:33:24', '2016-10-29 11:33:24'),
(220, 13, 61, 'Alice could see her after the others. ''Are their heads off?'' shouted the Gryphon, the squeaking of.', '2016-10-29 11:33:24', '2016-10-29 11:33:24'),
(221, 24, 52, 'She waited for some way, and nothing seems to like her, down here, and I''m sure I have none, Why,.', '2016-10-29 11:33:24', '2016-10-29 11:33:24'),
(222, 45, 11, 'Suddenly she came rather late, and the turtles all advance! They are waiting on the twelfth?''.', '2016-10-29 11:33:24', '2016-10-29 11:33:24'),
(223, 8, 14, 'William,'' the young lady tells us a story.'' ''I''m afraid I don''t like them raw.'' ''Well, be off, and.', '2016-10-29 11:33:24', '2016-10-29 11:33:24'),
(224, 6, 51, 'The first question of course was, how to get in at the mushroom (she had grown so large in the.', '2016-10-29 11:33:24', '2016-10-29 11:33:24'),
(225, 16, 56, 'However, she got up and throw us, with the time,'' she said, without even looking round. ''I''ll.', '2016-10-29 11:33:24', '2016-10-29 11:33:24'),
(226, 2, 57, 'Mouse. ''--I proceed. "Edwin and Morcar, the earls of Mercia and Northumbria, declared for him: and.', '2016-10-29 11:33:24', '2016-10-29 11:33:24'),
(227, 30, 83, 'I''m I, and--oh dear, how puzzling it all is! I''ll try and repeat something now. Tell her to wink.', '2016-10-29 11:33:24', '2016-10-29 11:33:24'),
(228, 22, 1, 'Only I don''t put my arm round your waist,'' the Duchess said after a minute or two the Caterpillar.', '2016-10-29 11:33:24', '2016-10-29 11:33:24'),
(229, 37, 92, 'Will you, won''t you, will you, won''t you join the dance? Will you, won''t you, will you, won''t you.', '2016-10-29 11:33:24', '2016-10-29 11:33:24'),
(230, 25, 88, 'Alice, and she very good-naturedly began hunting about for them, and considered a little, ''From.', '2016-10-29 11:33:24', '2016-10-29 11:33:24'),
(231, 2, 30, 'And the executioner ran wildly up and picking the daisies, when suddenly a footman in livery, with.', '2016-10-29 11:33:24', '2016-10-29 11:33:24'),
(232, 25, 13, 'I only wish people knew that: then they both cried. ''Wake up, Dormouse!'' And they pinched it on.', '2016-10-29 11:33:24', '2016-10-29 11:33:24'),
(233, 31, 60, 'For instance, if you only walk long enough.'' Alice felt so desperate that she looked up eagerly,.', '2016-10-29 11:33:24', '2016-10-29 11:33:24'),
(234, 25, 67, 'Queen?'' said the Duchess: ''what a clear way you can;--but I must have imitated somebody else''s.', '2016-10-29 11:33:25', '2016-10-29 11:33:25'),
(235, 9, 90, 'Pray, what is the same thing with you,'' said the Pigeon the opportunity of adding, ''You''re looking.', '2016-10-29 11:33:25', '2016-10-29 11:33:25'),
(236, 4, 20, 'Mock Turtle, and said ''No, never'') ''--so you can have no notion how delightful it will be When.', '2016-10-29 11:33:25', '2016-10-29 11:33:25'),
(237, 6, 42, 'Alice again, in a melancholy tone. ''Nobody seems to suit them!'' ''I haven''t the least idea what.', '2016-10-29 11:33:25', '2016-10-29 11:33:25'),
(238, 44, 86, 'Alice had got burnt, and eaten up by wild beasts and other unpleasant things, all because they.', '2016-10-29 11:33:25', '2016-10-29 11:33:25'),
(239, 8, 60, 'Magpie began wrapping itself up very sulkily and crossed over to the beginning of the evening,.', '2016-10-29 11:33:25', '2016-10-29 11:33:25'),
(240, 5, 58, 'It did so indeed, and much sooner than she had not gone much farther before she gave one sharp.', '2016-10-29 11:33:25', '2016-10-29 11:33:25'),
(241, 24, 16, 'So they couldn''t get them out again. That''s all.'' ''Thank you,'' said the Dodo, pointing to the Mock.', '2016-10-29 11:33:25', '2016-10-29 11:33:25'),
(242, 8, 19, 'I to get in at the end of every line: ''Speak roughly to your little boy, And beat him when he.', '2016-10-29 11:33:25', '2016-10-29 11:33:25'),
(243, 12, 3, 'I know I do!'' said Alice indignantly, and she thought it would,'' said the King: ''leave out that.', '2016-10-29 11:33:25', '2016-10-29 11:33:25'),
(244, 7, 57, 'Five and Seven said nothing, but looked at poor Alice, ''to speak to this last word with such a.', '2016-10-29 11:33:25', '2016-10-29 11:33:25'),
(245, 48, 26, 'I''m sure she''s the best thing to nurse--and she''s such a dear quiet thing,'' Alice went on in a.', '2016-10-29 11:33:25', '2016-10-29 11:33:25'),
(246, 30, 70, 'Pigeon, but in a sorrowful tone; ''at least there''s no room at all this time, and was looking at.', '2016-10-29 11:33:25', '2016-10-29 11:33:25'),
(247, 40, 92, 'Pigeon; ''but I know THAT well enough; and what does it to make SOME change in my size; and as it.', '2016-10-29 11:33:25', '2016-10-29 11:33:25'),
(248, 8, 4, 'I COULD NOT SWIM--" you can''t help that,'' said the Duchess. An invitation for the pool was getting.', '2016-10-29 11:33:25', '2016-10-29 11:33:25'),
(249, 20, 14, 'Alice! when she was saying, and the little door: but, alas! the little golden key was too.', '2016-10-29 11:33:25', '2016-10-29 11:33:25'),
(250, 12, 74, 'Footman. ''That''s the reason they''re called lessons,'' the Gryphon replied rather crossly: ''of.', '2016-10-29 11:33:25', '2016-10-29 11:33:25'),
(251, 50, 91, 'Alice, and sighing. ''It IS a Caucus-race?'' said Alice; not that she was going to shrink any.', '2016-10-29 11:33:25', '2016-10-29 11:33:25'),
(252, 24, 65, 'There was a good deal frightened at the door-- Pray, what is the capital of Rome, and Rome--no,.', '2016-10-29 11:33:25', '2016-10-29 11:33:25'),
(253, 30, 11, 'Dodo solemnly, rising to its feet, ''I move that the poor little thing sat down with wonder at the.', '2016-10-29 11:33:25', '2016-10-29 11:33:25'),
(254, 5, 82, 'Seven. ''Yes, it IS his business!'' said Five, in a hot tureen! Who for such dainties would not open.', '2016-10-29 11:33:25', '2016-10-29 11:33:25'),
(255, 23, 45, 'I can''t be civil, you''d better ask HER about it.'' (The jury all looked so grave and anxious.).', '2016-10-29 11:33:26', '2016-10-29 11:33:26'),
(256, 19, 88, 'But do cats eat bats?'' and sometimes, ''Do bats eat cats?'' for, you see, as they all stopped and.', '2016-10-29 11:33:26', '2016-10-29 11:33:26'),
(257, 26, 39, 'TWO little shrieks, and more sounds of broken glass, from which she had been of late much.', '2016-10-29 11:33:26', '2016-10-29 11:33:26'),
(258, 25, 11, 'She was close behind her, listening: so she waited. The Gryphon lifted up both its paws in.', '2016-10-29 11:33:26', '2016-10-29 11:33:26'),
(259, 31, 53, 'Ann! Mary Ann!'' said the Pigeon. ''I''m NOT a serpent, I tell you, you coward!'' and at last the.', '2016-10-29 11:33:26', '2016-10-29 11:33:26'),
(260, 6, 91, 'Hatter, and, just as she picked up a little quicker. ''What a funny watch!'' she remarked. ''It tells.', '2016-10-29 11:33:26', '2016-10-29 11:33:26'),
(261, 43, 51, 'Hatter said, tossing his head off outside,'' the Queen had ordered. They very soon came to the.', '2016-10-29 11:33:26', '2016-10-29 11:33:26'),
(262, 41, 10, 'Run home this moment, I tell you!'' But she went on, spreading out the proper way of settling all.', '2016-10-29 11:33:26', '2016-10-29 11:33:26'),
(263, 44, 42, 'She was a paper label, with the other players, and shouting ''Off with his head!'' or ''Off with his.', '2016-10-29 11:33:26', '2016-10-29 11:33:26'),
(264, 27, 26, 'Mock Turtle in a loud, indignant voice, but she knew she had not long to doubt, for the Dormouse,''.', '2016-10-29 11:33:26', '2016-10-29 11:33:26'),
(265, 41, 11, 'And yet you incessantly stand on your head-- Do you think you could draw treacle out of THIS!''.', '2016-10-29 11:33:26', '2016-10-29 11:33:26'),
(266, 26, 42, 'I!'' said the Queen. ''Never!'' said the Duck. ''Found IT,'' the Mouse had changed his mind, and was.', '2016-10-29 11:33:26', '2016-10-29 11:33:26'),
(267, 28, 24, 'Alice was rather glad there WAS no one to listen to me! When I used to say which), and they can''t.', '2016-10-29 11:33:26', '2016-10-29 11:33:26'),
(268, 2, 10, 'Cheshire Cat: now I shall see it trot away quietly into the Dormouse''s place, and Alice joined the.', '2016-10-29 11:33:26', '2016-10-29 11:33:26'),
(269, 45, 78, 'Number One,'' said Alice. ''Oh, don''t bother ME,'' said the Caterpillar. Alice said nothing: she had.', '2016-10-29 11:33:26', '2016-10-29 11:33:26'),
(270, 11, 68, 'Cat, ''if you don''t like them raw.'' ''Well, be off, then!'' said the Queen, ''and he shall tell you.', '2016-10-29 11:33:26', '2016-10-29 11:33:26'),
(271, 34, 88, 'Who would not give all else for two reasons. First, because I''m on the second time round, she came.', '2016-10-29 11:33:27', '2016-10-29 11:33:27'),
(272, 46, 68, 'WHAT? The other side of the Lobster; I heard him declare, "You have baked me too brown, I must be.', '2016-10-29 11:33:27', '2016-10-29 11:33:27'),
(273, 15, 67, 'Queen''s ears--'' the Rabbit came up to her head, and she could even make out what it was: at first.', '2016-10-29 11:33:27', '2016-10-29 11:33:27'),
(274, 2, 1, 'Why, I do so like that curious song about the temper of your flamingo. Shall I try the thing.', '2016-10-29 11:33:27', '2016-10-29 11:33:27'),
(275, 38, 14, 'Half-past one, time for dinner!'' (''I only wish people knew that: then they both sat silent for a.', '2016-10-29 11:33:27', '2016-10-29 11:33:27'),
(276, 15, 48, 'NEVER come to an end! ''I wonder how many hours a day did you do either!'' And the muscular.', '2016-10-29 11:33:27', '2016-10-29 11:33:27'),
(277, 43, 64, 'I''ve finished.'' So they had any dispute with the bread-and-butter getting so thin--and the.', '2016-10-29 11:33:27', '2016-10-29 11:33:27'),
(278, 15, 10, 'March Hare. ''Sixteenth,'' added the Gryphon, and all her coaxing. Hardly knowing what she did, she.', '2016-10-29 11:33:27', '2016-10-29 11:33:27'),
(279, 44, 63, 'This time Alice waited patiently until it chose to speak with. Alice waited till the Pigeon had.', '2016-10-29 11:33:27', '2016-10-29 11:33:27'),
(280, 24, 59, 'Alice called after her. ''I''ve something important to say!'' This sounded promising, certainly:.', '2016-10-29 11:33:27', '2016-10-29 11:33:27'),
(281, 11, 82, 'White Rabbit blew three blasts on the whole cause, and condemn you to leave off being arches to do.', '2016-10-29 11:33:27', '2016-10-29 11:33:27'),
(282, 37, 30, 'Alice. ''Nothing WHATEVER?'' persisted the King. ''Shan''t,'' said the Mock Turtle replied; ''and then.', '2016-10-29 11:33:27', '2016-10-29 11:33:27'),
(283, 32, 5, 'Alice, ''to pretend to be sure! However, everything is to-day! And yesterday things went on without.', '2016-10-29 11:33:27', '2016-10-29 11:33:27'),
(284, 20, 88, 'Queen. ''It proves nothing of tumbling down stairs! How brave they''ll all think me for his.', '2016-10-29 11:33:27', '2016-10-29 11:33:27'),
(285, 40, 14, 'Alice, a little ledge of rock, and, as she tucked it away under her arm, that it might end, you.', '2016-10-29 11:33:27', '2016-10-29 11:33:27'),
(286, 20, 75, 'However, it was a real nose; also its eyes by this time, as it settled down in an offended tone,.', '2016-10-29 11:33:27', '2016-10-29 11:33:27'),
(287, 12, 75, 'OURS they had at the thought that SOMEBODY ought to eat or drink under the door; so either way.', '2016-10-29 11:33:27', '2016-10-29 11:33:27'),
(288, 28, 46, 'March Hare said to herself. At this moment the door as you liked.'' ''Is that all?'' said Alice, who.', '2016-10-29 11:33:27', '2016-10-29 11:33:27'),
(289, 33, 83, 'I know?'' said Alice, a good many voices all talking together: she made her feel very queer.', '2016-10-29 11:33:28', '2016-10-29 11:33:28'),
(290, 5, 44, 'King said, with a deep voice, ''are done with blacking, I believe.'' ''Boots and shoes under the.', '2016-10-29 11:33:28', '2016-10-29 11:33:28'),
(291, 43, 44, 'Five. ''I heard the King said to the puppy; whereupon the puppy jumped into the garden, where Alice.', '2016-10-29 11:33:28', '2016-10-29 11:33:28'),
(292, 17, 58, 'King. On this the White Rabbit. She was a very fine day!'' said a whiting to a day-school, too,''.', '2016-10-29 11:33:28', '2016-10-29 11:33:28'),
(293, 47, 21, 'Next came an angry voice--the Rabbit''s--''Pat! Pat! Where are you?'' And then a voice sometimes.', '2016-10-29 11:33:28', '2016-10-29 11:33:28'),
(294, 11, 13, 'King; and as it spoke. ''As wet as ever,'' said Alice thoughtfully: ''but then--I shouldn''t be hungry.', '2016-10-29 11:33:28', '2016-10-29 11:33:28'),
(295, 4, 84, 'Edwin and Morcar, the earls of Mercia and Northumbria--"'' ''Ugh!'' said the King; and as Alice could.', '2016-10-29 11:33:28', '2016-10-29 11:33:28'),
(296, 7, 22, 'Rabbit say to itself, ''Oh dear! Oh dear! I wish I could say if I chose,'' the Duchess asked, with.', '2016-10-29 11:33:28', '2016-10-29 11:33:28'),
(297, 42, 35, 'Soup! Soup of the table. ''Nothing can be clearer than THAT. Then again--"BEFORE SHE HAD THIS.', '2016-10-29 11:33:28', '2016-10-29 11:33:28'),
(298, 1, 79, 'I''ll set Dinah at you!'' There was a large canvas bag, which tied up at the cook, and a fan! Quick,.', '2016-10-29 11:33:28', '2016-10-29 11:33:28'),
(299, 47, 16, 'VERY short remarks, and she ran with all speed back to the beginning again?'' Alice ventured to.', '2016-10-29 11:33:28', '2016-10-29 11:33:28'),
(300, 17, 62, 'WOULD go with Edgar Atheling to meet William and offer him the crown. William''s conduct at first.', '2016-10-29 11:33:28', '2016-10-29 11:33:28');

-- --------------------------------------------------------

--
-- Table structure for table `events`
--

CREATE TABLE IF NOT EXISTS `events` (
  `event_id` int(10) unsigned NOT NULL AUTO_INCREMENT,
  `start_time` datetime NOT NULL,
  `duration` datetime NOT NULL,
  `end_time` datetime NOT NULL,
  `created_at` timestamp NULL DEFAULT NULL,
  `updated_at` timestamp NULL DEFAULT NULL,
  PRIMARY KEY (`event_id`)
) ENGINE=InnoDB  DEFAULT CHARSET=utf8 COLLATE=utf8_unicode_ci AUTO_INCREMENT=2 ;

--
-- Dumping data for table `events`
--

INSERT INTO `events` (`event_id`, `start_time`, `duration`, `end_time`, `created_at`, `updated_at`) VALUES
(1, '2016-10-29 20:00:00', '0000-00-04 00:00:00', '2016-11-02 20:00:00', '2016-10-29 11:32:59', '2016-10-29 11:32:59');

-- --------------------------------------------------------

--
-- Table structure for table `joins`
--

CREATE TABLE IF NOT EXISTS `joins` (
  `id` int(10) unsigned NOT NULL AUTO_INCREMENT,
  `user_id` int(11) NOT NULL,
  `article_id` int(11) NOT NULL,
  `category_id` int(11) NOT NULL,
  PRIMARY KEY (`id`)
) ENGINE=InnoDB DEFAULT CHARSET=utf8 COLLATE=utf8_unicode_ci AUTO_INCREMENT=1 ;

-- --------------------------------------------------------

--
-- Table structure for table `migrations`
--

CREATE TABLE IF NOT EXISTS `migrations` (
  `migration` varchar(255) COLLATE utf8_unicode_ci NOT NULL,
  `batch` int(11) NOT NULL
) ENGINE=InnoDB DEFAULT CHARSET=utf8 COLLATE=utf8_unicode_ci;

--
-- Dumping data for table `migrations`
--

INSERT INTO `migrations` (`migration`, `batch`) VALUES
('2014_10_12_000000_create_users_table', 1),
('2016_10_28_154434_create_categories_table', 1),
('2016_10_28_154446_create_events_table', 1),
('2016_10_28_154457_create_articles_table', 1),
('2016_10_28_154507_create_ratings_table', 1),
('2016_10_28_154517_create_comments_table', 1),
('2016_10_28_154526_create_joins_table', 1);

-- --------------------------------------------------------

--
-- Table structure for table `ratings`
--

CREATE TABLE IF NOT EXISTS `ratings` (
  `id` int(10) unsigned NOT NULL AUTO_INCREMENT,
  `user_id` int(11) NOT NULL,
  `article_id` int(11) NOT NULL,
  `rating` int(11) NOT NULL,
  `created_at` timestamp NULL DEFAULT NULL,
  `updated_at` timestamp NULL DEFAULT NULL,
  PRIMARY KEY (`id`)
) ENGINE=InnoDB DEFAULT CHARSET=utf8 COLLATE=utf8_unicode_ci AUTO_INCREMENT=1 ;

-- --------------------------------------------------------

--
-- Table structure for table `users`
--

CREATE TABLE IF NOT EXISTS `users` (
  `user_id` int(10) unsigned NOT NULL AUTO_INCREMENT,
  `username` varchar(255) COLLATE utf8_unicode_ci NOT NULL,
  `email` varchar(255) COLLATE utf8_unicode_ci NOT NULL,
  `password` varchar(255) COLLATE utf8_unicode_ci NOT NULL,
  `status` int(11) NOT NULL,
  `admin` tinyint(1) NOT NULL,
  `created_at` timestamp NULL DEFAULT NULL,
  `updated_at` timestamp NULL DEFAULT NULL,
  PRIMARY KEY (`user_id`),
  UNIQUE KEY `users_email_unique` (`email`)
) ENGINE=InnoDB  DEFAULT CHARSET=utf8 COLLATE=utf8_unicode_ci AUTO_INCREMENT=51 ;

--
-- Dumping data for table `users`
--

INSERT INTO `users` (`user_id`, `username`, `email`, `password`, `status`, `admin`, `created_at`, `updated_at`) VALUES
(1, 'Geovany Stamm', 'valerie43@example.org', '$2y$10$miHybeIO/Jdu/wg8X7SMTeZMIhfN10YKyiQEUmCn6rtQN9kNvcNIC', 1, 0, '2016-10-29 11:32:49', '2016-10-29 11:32:49'),
(2, 'Lane Runolfsdottir II', 'morissette.marisa@example.net', '$2y$10$j4.Vmdu82I6Lvzw2gh2yd.EL9lDLz69mDBs0oYeq8Az3JDjZlXiXS', 1, 0, '2016-10-29 11:32:49', '2016-10-29 11:32:49'),
(3, 'Ibrahim Pfeffer', 'rolfson.zelma@example.net', '$2y$10$8Tu4GPh.9jeT25GT2HDSiOy5dviTf8VfZF7AxvwMcKOC3Or6sgdZO', 1, 0, '2016-10-29 11:32:49', '2016-10-29 11:32:49'),
(4, 'Gennaro Glover', 'waldo23@example.org', '$2y$10$R/81zOaPWIxy8OeBpbYYTuTHY.SHS29tnTjAcec34oxQBf5IIm6wW', 1, 0, '2016-10-29 11:32:49', '2016-10-29 11:32:49'),
(5, 'Miss Lauriane Bogan I', 'tanya23@example.net', '$2y$10$Oz7Qyv0iBDi9VQf3EUgxfegwFbJSTmsByJJUMRmMKAVGHHKZP91jm', 1, 0, '2016-10-29 11:32:49', '2016-10-29 11:32:49'),
(6, 'Elwin Gottlieb', 'alfonzo22@example.com', '$2y$10$XLjpQarCHp4yLhbiPi9puehQ2tijyJ28ViiYJ3qWyH0krUvSpfoka', 1, 0, '2016-10-29 11:32:49', '2016-10-29 11:32:49'),
(7, 'Camille Fahey', 'nathaniel.bailey@example.com', '$2y$10$StViUiJzElwW5DF80qCTXOTU8Xk/Vt78qkCWmrryY3eBu6YYpskLC', 1, 0, '2016-10-29 11:32:49', '2016-10-29 11:32:49'),
(8, 'Jazmyn Effertz', 'dbeatty@example.com', '$2y$10$E1.Pr8IGySD4ffS5363UEe18zVt2Aa4II0Hum05.5nrQq.Kkc5VLy', 1, 0, '2016-10-29 11:32:49', '2016-10-29 11:32:49'),
(9, 'Triston Kozey Jr.', 'alvah38@example.org', '$2y$10$ZiioQc/uyda2vHOTeZ4OY.f2KcN37vNaC6AawHeyYBxo3hQ2HeFKS', 1, 0, '2016-10-29 11:32:49', '2016-10-29 11:32:49'),
(10, 'Alan Dooley', 'vladimir59@example.org', '$2y$10$VimTcfy5Ea7SluZIfc0cdOf43tRXJ/aN33KtrHEC/zvAqHQpZmq3a', 1, 0, '2016-10-29 11:32:49', '2016-10-29 11:32:49'),
(11, 'Janick McKenzie', 'heidenreich.marley@example.net', '$2y$10$O1MqZrvHMAnsD8LU.GtonuFBk3vGnp6z3UcPJiWD3gzk1X7s0IBOO', 1, 0, '2016-10-29 11:32:49', '2016-10-29 11:32:49'),
(12, 'Lelia Toy', 'marlen.collins@example.org', '$2y$10$SvM8NS1AC3o8b6x2V8z.4.GAVbfWo30di.5GMClUPaAfWLWn/NCma', 1, 0, '2016-10-29 11:32:49', '2016-10-29 11:32:49'),
(13, 'Kennith Mohr', 'carroll.meggie@example.org', '$2y$10$rTjLP0iGDy6pKegngIUFiOetaUl8CG06rvo7jALMT41/d/xEF/1dS', 1, 0, '2016-10-29 11:32:49', '2016-10-29 11:32:49'),
(14, 'Colby Kuhlman', 'volkman.wilma@example.com', '$2y$10$QFcQ3PsmiXITmJPpTMYfEOEANrl2yHnhuzOf1mVMFz0GXLR5bjr96', 1, 0, '2016-10-29 11:32:49', '2016-10-29 11:32:49'),
(15, 'Dr. Ricky Dietrich', 'astamm@example.com', '$2y$10$lvAF7D2dDgJnGlCcMwHS1uHs3kZM2aWYBq2fLfghlDBe42XAbnNMq', 1, 0, '2016-10-29 11:32:49', '2016-10-29 11:32:49'),
(16, 'Mrs. Amira Jaskolski', 'leopold.robel@example.com', '$2y$10$o2B34cxaqjWoLChcNL3PI.4KTlBWbiDpcKHxNqGu0BWW.dMtbRjii', 1, 0, '2016-10-29 11:32:50', '2016-10-29 11:32:50'),
(17, 'Mr. Donnie Conroy I', 'bschamberger@example.org', '$2y$10$l8BUP7PGedhMmQBDlf2GS.p2R3GnCJu0WkRLCYm7VaDRNvlp5YV7S', 1, 0, '2016-10-29 11:32:50', '2016-10-29 11:32:50'),
(18, 'Willy Witting I', 'lehner.alessandra@example.com', '$2y$10$1O/QL6wx8bwDRK68Fxvl9emWXy9as.TMdWRLgsrTzsM2o6jDdUN4u', 1, 0, '2016-10-29 11:32:50', '2016-10-29 11:32:50'),
(19, 'Wilfrid Orn I', 'sally10@example.com', '$2y$10$o7qBhuC4My7T2ahux72SruooOC4padHT/ticfXqVkWOH4PG796qG6', 1, 0, '2016-10-29 11:32:50', '2016-10-29 11:32:50'),
(20, 'Billie Mosciski', 'flatley.mekhi@example.org', '$2y$10$W2JvuRDjmpdPN2ivvSQEDuynTHFBC9hjszuH8aw9VR63vZ9yR.BpS', 1, 0, '2016-10-29 11:32:50', '2016-10-29 11:32:50'),
(21, 'Mr. Michale McCullough I', 'sister10@example.net', '$2y$10$ED.7Kx7F4.rOvLZuuDINE.gbwanVVq8G/taZWJVwpfJ1cz9dc6ceG', 1, 0, '2016-10-29 11:32:50', '2016-10-29 11:32:50'),
(22, 'Ms. Pat Schmeler', 'della60@example.com', '$2y$10$UOdzSEht./T.Q3OkrRqUx.jQwM1a79bEZBDISNc8RT/XCk4hbqzCC', 1, 0, '2016-10-29 11:32:50', '2016-10-29 11:32:50'),
(23, 'Adrien Flatley', 'deangelo.padberg@example.org', '$2y$10$hvq2x.51fiOpITTofxVI4uPFGKjYcIohOovsUIsVOIq22cMvVEsVq', 1, 0, '2016-10-29 11:32:50', '2016-10-29 11:32:50'),
(24, 'Janie Schmitt Sr.', 'thalia88@example.org', '$2y$10$svJeTaDYVP4HjKlCf2s4Y.z1LjrfLkElacSCaP6b.tsXWw/Z9bHQG', 1, 0, '2016-10-29 11:32:50', '2016-10-29 11:32:50'),
(25, 'Sigrid Willms', 'dgerlach@example.net', '$2y$10$4KtF6Mtp4TNorRaklN8x9eQwCf.xnSIxTD0QLQq1jvM3jRlyYAhEC', 1, 0, '2016-10-29 11:32:50', '2016-10-29 11:32:50'),
(26, 'Jay Greenfelder', 'gwendolyn19@example.com', '$2y$10$Uu67XQRmSycANHDBp5Ml7Olh00d9/Nz7gUapuRWfJXo6jgU/pVQcy', 1, 0, '2016-10-29 11:32:50', '2016-10-29 11:32:50'),
(27, 'Hobart Nolan', 'beryl28@example.net', '$2y$10$J79elwkn5d580PDTlciWi.osJJ9jwjjAhEuXOQ33M/3ugi16n1sBu', 1, 0, '2016-10-29 11:32:50', '2016-10-29 11:32:50'),
(28, 'Bryana Beahan I', 'schoen.jordi@example.net', '$2y$10$koYcyDjrZo3o07hJlYoopezg6Az8pJysPNkW00t.rvbskF16GzV.q', 1, 0, '2016-10-29 11:32:50', '2016-10-29 11:32:50'),
(29, 'Name Abernathy', 'ken03@example.com', '$2y$10$egPL2hi0HZgwM2rvl2Zgh.6aqllVTWLxlay0SkzEOFMiFuIgStLN6', 1, 0, '2016-10-29 11:32:50', '2016-10-29 11:32:50'),
(30, 'Freddy Grady', 'esteban.macejkovic@example.org', '$2y$10$ciGsliFGeWnUFfslVgmqReTRVDitSWQ47mKAciS10b/ERLs4BuSay', 1, 0, '2016-10-29 11:32:50', '2016-10-29 11:32:50'),
(31, 'Prof. Lukas Nolan II', 'botsford.janiya@example.com', '$2y$10$5rtbpGe6h0qs/xyJbWmbEetifm3NWaJ44EvIlqRpjWMInwQUWJVxe', 1, 0, '2016-10-29 11:32:50', '2016-10-29 11:32:50'),
(32, 'Richmond Brakus', 'ugoyette@example.com', '$2y$10$fPSZr309rYMGhn2IE0FY0OH3F7LiK4RxECFqVG4vrlpnCDDT3UxW2', 1, 0, '2016-10-29 11:32:50', '2016-10-29 11:32:50'),
(33, 'Domenico Treutel', 'madge68@example.com', '$2y$10$ayO.3aw5LeNetqDT897TXeglIydvH96P1c96RYyqufXqWTA2Ogmde', 1, 0, '2016-10-29 11:32:50', '2016-10-29 11:32:50'),
(34, 'Bertrand Dicki', 'clara.spencer@example.net', '$2y$10$b54z1R1lueyn8m7PLS8OOuU7FhXcaXCXRx3OxlDvfK..4ea8EJji2', 1, 0, '2016-10-29 11:32:50', '2016-10-29 11:32:50'),
(35, 'Clemens Lubowitz', 'gretchen96@example.com', '$2y$10$7MK0M87Y/0SUrOZNrK7d7uKe71W8pAnjzsQPV1185JTSAljR64j4i', 1, 0, '2016-10-29 11:32:50', '2016-10-29 11:32:50'),
(36, 'Royce Mann', 'mitchel.mccullough@example.org', '$2y$10$fdHh3Hj9xznFwsbkha6Q5uvtX0NXJGeQAFWApsALNIUO.b9SUrvVS', 1, 0, '2016-10-29 11:32:50', '2016-10-29 11:32:50'),
(37, 'Mr. Dock Medhurst', 'shanelle.fisher@example.net', '$2y$10$K5x/5qHswl0EQ0D7XO1tHu4mHLkUCZXlwNB.Oqdehc/5tQbeN9AmG', 1, 0, '2016-10-29 11:32:50', '2016-10-29 11:32:50'),
(38, 'Kaylah Bode DDS', 'bconroy@example.com', '$2y$10$MwU5M16Ws91ub3nayTFu6uzKWKql9CIUhESobXkMHP.KZcZZgPnUu', 1, 0, '2016-10-29 11:32:50', '2016-10-29 11:32:50'),
(39, 'Lilliana Littel', 'edickinson@example.com', '$2y$10$3oNI5xDbhQzsJB6CQzU1IO1L4IqRb.mvAbfQpvvpy7DqDWjlpzk/O', 1, 0, '2016-10-29 11:32:50', '2016-10-29 11:32:50'),
(40, 'Winona Ryan', 'jett.effertz@example.com', '$2y$10$C2t5KygvCYfL.ZfzB5qSfeiolieADSR1trfMGtzQ1k/ZYXnDxFB/K', 1, 0, '2016-10-29 11:32:51', '2016-10-29 11:32:51'),
(41, 'Maxine Ferry', 'gbode@example.net', '$2y$10$ZJ70fKXPHasXyNQJRJhyCeDkpr.2uWQPn7NlxKebIms9eIFq5dUBq', 1, 0, '2016-10-29 11:32:51', '2016-10-29 11:32:51'),
(42, 'Marie Weber', 'lambert.deckow@example.net', '$2y$10$PEYKOA1A1Ws3k7R/JtLBruuQD8Oa9xBMJEGndWsxTadzatOxgvd.C', 1, 0, '2016-10-29 11:32:51', '2016-10-29 11:32:51'),
(43, 'Jerald Kirlin Jr.', 'oberbrunner.melvin@example.com', '$2y$10$OFCaUrmYc48PM/th5AVbjOp1weJ/OVPr.o3xwFIeo8G3PigkuauMi', 1, 0, '2016-10-29 11:32:51', '2016-10-29 11:32:51'),
(44, 'Fritz Jaskolski', 'rmorissette@example.net', '$2y$10$qsRHDJdGwiCCkuQ/9OHzxOBrQD8DCFVzGI3uHaA1YdDIkg1DtdKNq', 1, 0, '2016-10-29 11:32:51', '2016-10-29 11:32:51'),
(45, 'Royce Price DVM', 'gaylord.rebecca@example.com', '$2y$10$yaybWNxJKSGWv5ebN2BpmuPjXaSHDLUtwZmzyPKy84yLf2DT4EN3i', 1, 0, '2016-10-29 11:32:51', '2016-10-29 11:32:51'),
(46, 'Octavia Parisian', 'jillian54@example.com', '$2y$10$frcNzYacJBmGa5zzFDFYhuYJZqg8rBkarr6CbCYMPgZdwoG6sr/S6', 1, 0, '2016-10-29 11:32:51', '2016-10-29 11:32:51'),
(47, 'Prof. Tomasa Bradtke I', 'bernardo.fadel@example.com', '$2y$10$zOPlWhCAkARqZh/m8.JaSett866SUziZPx9LFi4nySAkmwQ2AuAGW', 1, 0, '2016-10-29 11:32:51', '2016-10-29 11:32:51'),
(48, 'Demario Ullrich', 'cyril05@example.net', '$2y$10$y9rmIgTaMFfJPbVblJv.Q.sixHItlC/C8nN/FlDnGDjFhj5MFEJHy', 1, 0, '2016-10-29 11:32:51', '2016-10-29 11:32:51'),
(49, 'Mr. Otho Kuphal Jr.', 'ogulgowski@example.net', '$2y$10$xnLqTe/yAnMIyKr1lC3xg.gnzyG8IC1pybKpoIbXeoPS4YJkp6KmG', 1, 0, '2016-10-29 11:32:51', '2016-10-29 11:32:51'),
(50, 'Ora Simonis', 'abe.bergstrom@example.org', '$2y$10$bcj8pygB4v7Me7YzMf7qc.3u6bgxIRQzFJF9JD7Z.lF34..6vurje', 1, 0, '2016-10-29 11:32:51', '2016-10-29 11:32:51');

/*!40101 SET CHARACTER_SET_CLIENT=@OLD_CHARACTER_SET_CLIENT */;
/*!40101 SET CHARACTER_SET_RESULTS=@OLD_CHARACTER_SET_RESULTS */;
/*!40101 SET COLLATION_CONNECTION=@OLD_COLLATION_CONNECTION */;
